n,bits,mitigation,action,repeat,elapsed_ntt_ns,mitigation_time_ns,checks_performed,check_failures,stage_checks,stage_failures,recomputations,mod_adds,mod_subs,mod_muls,memory_reads,memory_writes
2048,28,none,detect-only,1,5799835 ns,0,0,0,0,0,0,67584,67584,139264,151552,151552
2048,28,none,detect-only,2,6009915 ns,0,0,0,0,0,0,67584,67584,139264,151552,151552
2048,28,none,detect-only,3,5849208 ns,0,0,0,0,0,0,67584,67584,139264,151552,151552
2048,28,none,detect-only,4,5880581 ns,0,0,0,0,0,0,67584,67584,139264,151552,151552
2048,28,none,detect-only,5,5862624 ns,0,0,0,0,0,0,67584,67584,139264,151552,151552
2048,28,none,detect-only,6,5941335 ns,0,0,0,0,0,0,67584,67584,139264,151552,151552
2048,28,none,detect-only,7,5867292 ns,0,0,0,0,0,0,67584,67584,139264,151552,151552
2048,28,none,detect-only,8,5885000 ns,0,0,0,0,0,0,67584,67584,139264,151552,151552
2048,28,none,detect-only,9,5859875 ns,0,0,0,0,0,0,67584,67584,139264,151552,151552
2048,28,none,detect-only,10,5857668 ns,0,0,0,0,0,0,67584,67584,139264,151552,151552
2048,28,none,detect-only,11,5851334 ns,0,0,0,0,0,0,67584,67584,139264,151552,151552
2048,28,none,detect-only,12,5883167 ns,0,0,0,0,0,0,67584,67584,139264,151552,151552
2048,28,none,detect-only,13,5898043 ns,0,0,0,0,0,0,67584,67584,139264,151552,151552
2048,28,none,detect-only,14,5814084 ns,0,0,0,0,0,0,67584,67584,139264,151552,151552
2048,28,none,detect-only,15,5861583 ns,0,0,0,0,0,0,67584,67584,139264,151552,151552
2048,28,none,detect-only,16,5783584 ns,0,0,0,0,0,0,67584,67584,139264,151552,151552
2048,28,none,detect-only,17,5842333 ns,0,0,0,0,0,0,67584,67584,139264,151552,151552
2048,28,none,detect-only,18,5878291 ns,0,0,0,0,0,0,67584,67584,139264,151552,151552
2048,28,none,detect-only,19,5877125 ns,0,0,0,0,0,0,67584,67584,139264,151552,151552
2048,28,none,detect-only,20,5861249 ns,0,0,0,0,0,0,67584,67584,139264,151552,151552
2048,28,none,detect-only,21,5871544 ns,0,0,0,0,0,0,67584,67584,139264,151552,151552
2048,28,none,detect-only,22,5871498 ns,0,0,0,0,0,0,67584,67584,139264,151552,151552
2048,28,none,detect-only,23,5903791 ns,0,0,0,0,0,0,67584,67584,139264,151552,151552
2048,28,none,detect-only,24,5915626 ns,0,0,0,0,0,0,67584,67584,139264,151552,151552
2048,28,none,detect-only,25,5892583 ns,0,0,0,0,0,0,67584,67584,139264,151552,151552
2048,28,none,detect-only,26,5711668 ns,0,0,0,0,0,0,67584,67584,139264,151552,151552
2048,28,none,detect-only,27,6286332 ns,0,0,0,0,0,0,67584,67584,139264,151552,151552
2048,28,none,detect-only,28,5872041 ns,0,0,0,0,0,0,67584,67584,139264,151552,151552
2048,28,none,detect-only,29,5878669 ns,0,0,0,0,0,0,67584,67584,139264,151552,151552
2048,28,none,detect-only,30,5891041 ns,0,0,0,0,0,0,67584,67584,139264,151552,151552
2048,28,butterfly-check,detect-only,1,6701624 ns,6472621,67584,0,0,0,0,67584,67584,139264,151552,151552
2048,28,butterfly-check,detect-only,2,6700126 ns,6474666,67584,0,0,0,0,67584,67584,139264,151552,151552
2048,28,butterfly-check,detect-only,3,6674376 ns,6450536,67584,0,0,0,0,67584,67584,139264,151552,151552
2048,28,butterfly-check,detect-only,4,6722333 ns,6488831,67584,0,0,0,0,67584,67584,139264,151552,151552
2048,28,butterfly-check,detect-only,5,6709958 ns,6483208,67584,0,0,0,0,67584,67584,139264,151552,151552
2048,28,butterfly-check,detect-only,6,6711501 ns,6471921,67584,0,0,0,0,67584,67584,139264,151552,151552
2048,28,butterfly-check,detect-only,7,6726376 ns,6489125,67584,0,0,0,0,67584,67584,139264,151552,151552
2048,28,butterfly-check,detect-only,8,6709041 ns,6478335,67584,0,0,0,0,67584,67584,139264,151552,151552
2048,28,butterfly-check,detect-only,9,6604459 ns,6366290,67584,0,0,0,0,67584,67584,139264,151552,151552
2048,28,butterfly-check,detect-only,10,6698666 ns,6461834,67584,0,0,0,0,67584,67584,139264,151552,151552
2048,28,butterfly-check,detect-only,11,6716334 ns,6480875,67584,0,0,0,0,67584,67584,139264,151552,151552
2048,28,butterfly-check,detect-only,12,6705543 ns,6483004,67584,0,0,0,0,67584,67584,139264,151552,151552
2048,28,butterfly-check,detect-only,13,6679584 ns,6453499,67584,0,0,0,0,67584,67584,139264,151552,151552
2048,28,butterfly-check,detect-only,14,6677792 ns,6446961,67584,0,0,0,0,67584,67584,139264,151552,151552
2048,28,butterfly-check,detect-only,15,6694499 ns,6458499,67584,0,0,0,0,67584,67584,139264,151552,151552
2048,28,butterfly-check,detect-only,16,6707832 ns,6467919,67584,0,0,0,0,67584,67584,139264,151552,151552
2048,28,butterfly-check,detect-only,17,6715209 ns,6489420,67584,0,0,0,0,67584,67584,139264,151552,151552
2048,28,butterfly-check,detect-only,18,6704666 ns,6465417,67584,0,0,0,0,67584,67584,139264,151552,151552
2048,28,butterfly-check,detect-only,19,6708748 ns,6485036,67584,0,0,0,0,67584,67584,139264,151552,151552
2048,28,butterfly-check,detect-only,20,6667668 ns,6432538,67584,0,0,0,0,67584,67584,139264,151552,151552
2048,28,butterfly-check,detect-only,21,6729541 ns,6482545,67584,0,0,0,0,67584,67584,139264,151552,151552
2048,28,butterfly-check,detect-only,22,6707457 ns,6477622,67584,0,0,0,0,67584,67584,139264,151552,151552
2048,28,butterfly-check,detect-only,23,6957291 ns,6723381,67584,0,0,0,0,67584,67584,139264,151552,151552
2048,28,butterfly-check,detect-only,24,7013415 ns,6772463,67584,0,0,0,0,67584,67584,139264,151552,151552
2048,28,butterfly-check,detect-only,25,7020291 ns,6770582,67584,0,0,0,0,67584,67584,139264,151552,151552
2048,28,butterfly-check,detect-only,26,7053876 ns,6822869,67584,0,0,0,0,67584,67584,139264,151552,151552
2048,28,butterfly-check,detect-only,27,6757082 ns,6526538,67584,0,0,0,0,67584,67584,139264,151552,151552
2048,28,butterfly-check,detect-only,28,6706041 ns,6480706,67584,0,0,0,0,67584,67584,139264,151552,151552
2048,28,butterfly-check,detect-only,29,6687624 ns,6462457,67584,0,0,0,0,67584,67584,139264,151552,151552
2048,28,butterfly-check,detect-only,30,6697250 ns,6464998,67584,0,0,0,0,67584,67584,139264,151552,151552
2048,28,butterfly-check,recompute,1,6722209 ns,6480332,67584,0,0,0,0,67584,67584,139264,151552,151552
2048,28,butterfly-check,recompute,2,6693209 ns,6469161,67584,0,0,0,0,67584,67584,139264,151552,151552
2048,28,butterfly-check,recompute,3,6720833 ns,6485251,67584,0,0,0,0,67584,67584,139264,151552,151552
2048,28,butterfly-check,recompute,4,6725543 ns,6486999,67584,0,0,0,0,67584,67584,139264,151552,151552
2048,28,butterfly-check,recompute,5,6711791 ns,6479084,67584,0,0,0,0,67584,67584,139264,151552,151552
2048,28,butterfly-check,recompute,6,6728333 ns,6503370,67584,0,0,0,0,67584,67584,139264,151552,151552
2048,28,butterfly-check,recompute,7,6672291 ns,6445085,67584,0,0,0,0,67584,67584,139264,151552,151552
2048,28,butterfly-check,recompute,8,6724875 ns,6478125,67584,0,0,0,0,67584,67584,139264,151552,151552
2048,28,butterfly-check,recompute,9,6723000 ns,6484709,67584,0,0,0,0,67584,67584,139264,151552,151552
2048,28,butterfly-check,recompute,10,6893543 ns,6660548,67584,0,0,0,0,67584,67584,139264,151552,151552
2048,28,butterfly-check,recompute,11,6676625 ns,6435215,67584,0,0,0,0,67584,67584,139264,151552,151552
2048,28,butterfly-check,recompute,12,6730375 ns,6488501,67584,0,0,0,0,67584,67584,139264,151552,151552
2048,28,butterfly-check,recompute,13,6760792 ns,6525300,67584,0,0,0,0,67584,67584,139264,151552,151552
2048,28,butterfly-check,recompute,14,6691290 ns,6465332,67584,0,0,0,0,67584,67584,139264,151552,151552
2048,28,butterfly-check,recompute,15,6823001 ns,6587830,67584,0,0,0,0,67584,67584,139264,151552,151552
2048,28,butterfly-check,recompute,16,6689959 ns,6461545,67584,0,0,0,0,67584,67584,139264,151552,151552
2048,28,butterfly-check,recompute,17,6797250 ns,6570377,67584,0,0,0,0,67584,67584,139264,151552,151552
2048,28,butterfly-check,recompute,18,6737626 ns,6492537,67584,0,0,0,0,67584,67584,139264,151552,151552
2048,28,butterfly-check,recompute,19,6699790 ns,6470415,67584,0,0,0,0,67584,67584,139264,151552,151552
2048,28,butterfly-check,recompute,20,6712459 ns,6476289,67584,0,0,0,0,67584,67584,139264,151552,151552
2048,28,butterfly-check,recompute,21,6694000 ns,6467792,67584,0,0,0,0,67584,67584,139264,151552,151552
2048,28,butterfly-check,recompute,22,6706249 ns,6466082,67584,0,0,0,0,67584,67584,139264,151552,151552
2048,28,butterfly-check,recompute,23,6682915 ns,6457302,67584,0,0,0,0,67584,67584,139264,151552,151552
2048,28,butterfly-check,recompute,24,6706875 ns,6472872,67584,0,0,0,0,67584,67584,139264,151552,151552
2048,28,butterfly-check,recompute,25,6724210 ns,6486123,67584,0,0,0,0,67584,67584,139264,151552,151552
2048,28,butterfly-check,recompute,26,6679710 ns,6454543,67584,0,0,0,0,67584,67584,139264,151552,151552
2048,28,butterfly-check,recompute,27,6708958 ns,6484041,67584,0,0,0,0,67584,67584,139264,151552,151552
2048,28,butterfly-check,recompute,28,6704790 ns,6469871,67584,0,0,0,0,67584,67584,139264,151552,151552
2048,28,butterfly-check,recompute,29,6679708 ns,6457707,67584,0,0,0,0,67584,67584,139264,151552,151552
2048,28,butterfly-check,recompute,30,6730748 ns,6486499,67584,0,0,0,0,67584,67584,139264,151552,151552
2048,28,stage-checksum,detect-only,1,7138999 ns,6903332,66,0,66,0,0,67584,67584,139264,151552,151552
2048,28,stage-checksum,detect-only,2,7105918 ns,6881918,66,0,66,0,0,67584,67584,139264,151552,151552
2048,28,stage-checksum,detect-only,3,7154124 ns,6914834,66,0,66,0,0,67584,67584,139264,151552,151552
2048,28,stage-checksum,detect-only,4,7121541 ns,6893336,66,0,66,0,0,67584,67584,139264,151552,151552
2048,28,stage-checksum,detect-only,5,7125626 ns,6889422,66,0,66,0,0,67584,67584,139264,151552,151552
2048,28,stage-checksum,detect-only,6,7121998 ns,6894162,66,0,66,0,0,67584,67584,139264,151552,151552
2048,28,stage-checksum,detect-only,7,7143416 ns,6906078,66,0,66,0,0,67584,67584,139264,151552,151552
2048,28,stage-checksum,detect-only,8,7130751 ns,6900248,66,0,66,0,0,67584,67584,139264,151552,151552
2048,28,stage-checksum,detect-only,9,7123875 ns,6895125,66,0,66,0,0,67584,67584,139264,151552,151552
2048,28,stage-checksum,detect-only,10,7148959 ns,6906875,66,0,66,0,0,67584,67584,139264,151552,151552
2048,28,stage-checksum,detect-only,11,7102628 ns,6877373,66,0,66,0,0,67584,67584,139264,151552,151552
2048,28,stage-checksum,detect-only,12,7171918 ns,6952378,66,0,66,0,0,67584,67584,139264,151552,151552
2048,28,stage-checksum,detect-only,13,7119500 ns,6888258,66,0,66,0,0,67584,67584,139264,151552,151552
2048,28,stage-checksum,detect-only,14,7153167 ns,6916166,66,0,66,0,0,67584,67584,139264,151552,151552
2048,28,stage-checksum,detect-only,15,7108418 ns,6883344,66,0,66,0,0,67584,67584,139264,151552,151552
2048,28,stage-checksum,detect-only,16,7105999 ns,6886583,66,0,66,0,0,67584,67584,139264,151552,151552
2048,28,stage-checksum,detect-only,17,7155873 ns,6927830,66,0,66,0,0,67584,67584,139264,151552,151552
2048,28,stage-checksum,detect-only,18,7125667 ns,6899663,66,0,66,0,0,67584,67584,139264,151552,151552
2048,28,stage-checksum,detect-only,19,7140958 ns,6905281,66,0,66,0,0,67584,67584,139264,151552,151552
2048,28,stage-checksum,detect-only,20,7146419 ns,6908043,66,0,66,0,0,67584,67584,139264,151552,151552
2048,28,stage-checksum,detect-only,21,7145126 ns,6909292,66,0,66,0,0,67584,67584,139264,151552,151552
2048,28,stage-checksum,detect-only,22,7152959 ns,6921418,66,0,66,0,0,67584,67584,139264,151552,151552
2048,28,stage-checksum,detect-only,23,7155625 ns,6917670,66,0,66,0,0,67584,67584,139264,151552,151552
2048,28,stage-checksum,detect-only,24,7157625 ns,6919335,66,0,66,0,0,67584,67584,139264,151552,151552
2048,28,stage-checksum,detect-only,25,7137875 ns,6900082,66,0,66,0,0,67584,67584,139264,151552,151552
2048,28,stage-checksum,detect-only,26,7148624 ns,6906087,66,0,66,0,0,67584,67584,139264,151552,151552
2048,28,stage-checksum,detect-only,27,7128292 ns,6903916,66,0,66,0,0,67584,67584,139264,151552,151552
2048,28,stage-checksum,detect-only,28,7122542 ns,6893998,66,0,66,0,0,67584,67584,139264,151552,151552
2048,28,stage-checksum,detect-only,29,7165167 ns,6938959,66,0,66,0,0,67584,67584,139264,151552,151552
2048,28,stage-checksum,detect-only,30,7304291 ns,7078921,66,0,66,0,0,67584,67584,139264,151552,151552
2048,28,stage-checksum,recompute,1,7374999 ns,7118834,66,0,66,0,0,67584,67584,139264,151552,151552
2048,28,stage-checksum,recompute,2,7490918 ns,7251504,66,0,66,0,0,67584,67584,139264,151552,151552
2048,28,stage-checksum,recompute,3,7313167 ns,7087378,66,0,66,0,0,67584,67584,139264,151552,151552
2048,28,stage-checksum,recompute,4,7207500 ns,6974788,66,0,66,0,0,67584,67584,139264,151552,151552
2048,28,stage-checksum,recompute,5,7104750 ns,6886166,66,0,66,0,0,67584,67584,139264,151552,151552
2048,28,stage-checksum,recompute,6,7120167 ns,6888669,66,0,66,0,0,67584,67584,139264,151552,151552
2048,28,stage-checksum,recompute,7,7155375 ns,6923417,66,0,66,0,0,67584,67584,139264,151552,151552
2048,28,stage-checksum,recompute,8,7106999 ns,6884500,66,0,66,0,0,67584,67584,139264,151552,151552
2048,28,stage-checksum,recompute,9,7183916 ns,6956747,66,0,66,0,0,67584,67584,139264,151552,151552
2048,28,stage-checksum,recompute,10,7145083 ns,6913207,66,0,66,0,0,67584,67584,139264,151552,151552
2048,28,stage-checksum,recompute,11,7119751 ns,6889877,66,0,66,0,0,67584,67584,139264,151552,151552
2048,28,stage-checksum,recompute,12,7191958 ns,6949581,66,0,66,0,0,67584,67584,139264,151552,151552
2048,28,stage-checksum,recompute,13,7145250 ns,6906506,66,0,66,0,0,67584,67584,139264,151552,151552
2048,28,stage-checksum,recompute,14,7126624 ns,6898744,66,0,66,0,0,67584,67584,139264,151552,151552
2048,28,stage-checksum,recompute,15,7202084 ns,6964292,66,0,66,0,0,67584,67584,139264,151552,151552
2048,28,stage-checksum,recompute,16,7270042 ns,7049126,66,0,66,0,0,67584,67584,139264,151552,151552
2048,28,stage-checksum,recompute,17,7110917 ns,6881879,66,0,66,0,0,67584,67584,139264,151552,151552
2048,28,stage-checksum,recompute,18,7127415 ns,6892080,66,0,66,0,0,67584,67584,139264,151552,151552
2048,28,stage-checksum,recompute,19,7305499 ns,7067877,66,0,66,0,0,67584,67584,139264,151552,151552
2048,28,stage-checksum,recompute,20,7161999 ns,6935372,66,0,66,0,0,67584,67584,139264,151552,151552
2048,28,stage-checksum,recompute,21,7144874 ns,6908875,66,0,66,0,0,67584,67584,139264,151552,151552
2048,28,stage-checksum,recompute,22,7106959 ns,6887423,66,0,66,0,0,67584,67584,139264,151552,151552
2048,28,stage-checksum,recompute,23,7133666 ns,6898711,66,0,66,0,0,67584,67584,139264,151552,151552
2048,28,stage-checksum,recompute,24,7290249 ns,7063289,66,0,66,0,0,67584,67584,139264,151552,151552
2048,28,stage-checksum,recompute,25,7137373 ns,6905125,66,0,66,0,0,67584,67584,139264,151552,151552
2048,28,stage-checksum,recompute,26,7123916 ns,6890712,66,0,66,0,0,67584,67584,139264,151552,151552
2048,28,stage-checksum,recompute,27,7150916 ns,6922622,66,0,66,0,0,67584,67584,139264,151552,151552
2048,28,stage-checksum,recompute,28,7162584 ns,6925210,66,0,66,0,0,67584,67584,139264,151552,151552
2048,28,stage-checksum,recompute,29,7145833 ns,6914749,66,0,66,0,0,67584,67584,139264,151552,151552
2048,28,stage-checksum,recompute,30,7144376 ns,6914668,66,0,66,0,0,67584,67584,139264,151552,151552
2048,54,none,detect-only,1,6758291 ns,0,0,0,0,0,0,67584,67584,139264,151552,151552
2048,54,none,detect-only,2,6732458 ns,0,0,0,0,0,0,67584,67584,139264,151552,151552
2048,54,none,detect-only,3,6751374 ns,0,0,0,0,0,0,67584,67584,139264,151552,151552
2048,54,none,detect-only,4,6732542 ns,0,0,0,0,0,0,67584,67584,139264,151552,151552
2048,54,none,detect-only,5,6738208 ns,0,0,0,0,0,0,67584,67584,139264,151552,151552
2048,54,none,detect-only,6,6890209 ns,0,0,0,0,0,0,67584,67584,139264,151552,151552
2048,54,none,detect-only,7,6731042 ns,0,0,0,0,0,0,67584,67584,139264,151552,151552
2048,54,none,detect-only,8,6729875 ns,0,0,0,0,0,0,67584,67584,139264,151552,151552
2048,54,none,detect-only,9,6758957 ns,0,0,0,0,0,0,67584,67584,139264,151552,151552
2048,54,none,detect-only,10,6725002 ns,0,0,0,0,0,0,67584,67584,139264,151552,151552
2048,54,none,detect-only,11,6729291 ns,0,0,0,0,0,0,67584,67584,139264,151552,151552
2048,54,none,detect-only,12,6748583 ns,0,0,0,0,0,0,67584,67584,139264,151552,151552
2048,54,none,detect-only,13,6737292 ns,0,0,0,0,0,0,67584,67584,139264,151552,151552
2048,54,none,detect-only,14,6695584 ns,0,0,0,0,0,0,67584,67584,139264,151552,151552
2048,54,none,detect-only,15,6721041 ns,0,0,0,0,0,0,67584,67584,139264,151552,151552
2048,54,none,detect-only,16,6733418 ns,0,0,0,0,0,0,67584,67584,139264,151552,151552
2048,54,none,detect-only,17,6731542 ns,0,0,0,0,0,0,67584,67584,139264,151552,151552
2048,54,none,detect-only,18,6705875 ns,0,0,0,0,0,0,67584,67584,139264,151552,151552
2048,54,none,detect-only,19,6750124 ns,0,0,0,0,0,0,67584,67584,139264,151552,151552
2048,54,none,detect-only,20,6713000 ns,0,0,0,0,0,0,67584,67584,139264,151552,151552
2048,54,none,detect-only,21,6724583 ns,0,0,0,0,0,0,67584,67584,139264,151552,151552
2048,54,none,detect-only,22,6697248 ns,0,0,0,0,0,0,67584,67584,139264,151552,151552
2048,54,none,detect-only,23,6728499 ns,0,0,0,0,0,0,67584,67584,139264,151552,151552
2048,54,none,detect-only,24,6694000 ns,0,0,0,0,0,0,67584,67584,139264,151552,151552
2048,54,none,detect-only,25,6755751 ns,0,0,0,0,0,0,67584,67584,139264,151552,151552
2048,54,none,detect-only,26,6746834 ns,0,0,0,0,0,0,67584,67584,139264,151552,151552
2048,54,none,detect-only,27,6739166 ns,0,0,0,0,0,0,67584,67584,139264,151552,151552
2048,54,none,detect-only,28,6720417 ns,0,0,0,0,0,0,67584,67584,139264,151552,151552
2048,54,none,detect-only,29,6735751 ns,0,0,0,0,0,0,67584,67584,139264,151552,151552
2048,54,none,detect-only,30,6703623 ns,0,0,0,0,0,0,67584,67584,139264,151552,151552
2048,54,butterfly-check,detect-only,1,7738374 ns,7493213,67584,0,0,0,0,67584,67584,139264,151552,151552
2048,54,butterfly-check,detect-only,2,7580874 ns,7321331,67584,0,0,0,0,67584,67584,139264,151552,151552
2048,54,butterfly-check,detect-only,3,7595708 ns,7342753,67584,0,0,0,0,67584,67584,139264,151552,151552
2048,54,butterfly-check,detect-only,4,7600125 ns,7350995,67584,0,0,0,0,67584,67584,139264,151552,151552
2048,54,butterfly-check,detect-only,5,7601250 ns,7345669,67584,0,0,0,0,67584,67584,139264,151552,151552
2048,54,butterfly-check,detect-only,6,7632501 ns,7374541,67584,0,0,0,0,67584,67584,139264,151552,151552
2048,54,butterfly-check,detect-only,7,7925417 ns,7679328,67584,0,0,0,0,67584,67584,139264,151552,151552
2048,54,butterfly-check,detect-only,8,7835250 ns,7590501,67584,0,0,0,0,67584,67584,139264,151552,151552
2048,54,butterfly-check,detect-only,9,8004040 ns,7748247,67584,0,0,0,0,67584,67584,139264,151552,151552
2048,54,butterfly-check,detect-only,10,7996626 ns,7729377,67584,0,0,0,0,67584,67584,139264,151552,151552
2048,54,butterfly-check,detect-only,11,7590624 ns,7329416,67584,0,0,0,0,67584,67584,139264,151552,151552
2048,54,butterfly-check,detect-only,12,7585877 ns,7340082,67584,0,0,0,0,67584,67584,139264,151552,151552
2048,54,butterfly-check,detect-only,13,7582083 ns,7325583,67584,0,0,0,0,67584,67584,139264,151552,151552
2048,54,butterfly-check,detect-only,14,7606167 ns,7355998,67584,0,0,0,0,67584,67584,139264,151552,151552
2048,54,butterfly-check,detect-only,15,22466084 ns,21738626,67584,0,0,0,0,67584,67584,139264,151552,151552
2048,54,butterfly-check,detect-only,16,7585292 ns,7338707,67584,0,0,0,0,67584,67584,139264,151552,151552
2048,54,butterfly-check,detect-only,17,7598416 ns,7350001,67584,0,0,0,0,67584,67584,139264,151552,151552
2048,54,butterfly-check,detect-only,18,7564041 ns,7319543,67584,0,0,0,0,67584,67584,139264,151552,151552
2048,54,butterfly-check,detect-only,19,7596458 ns,7347788,67584,0,0,0,0,67584,67584,139264,151552,151552
2048,54,butterfly-check,detect-only,20,7616585 ns,7366167,67584,0,0,0,0,67584,67584,139264,151552,151552
2048,54,butterfly-check,detect-only,21,7633624 ns,7371458,67584,0,0,0,0,67584,67584,139264,151552,151552
2048,54,butterfly-check,detect-only,22,7872335 ns,7620710,67584,0,0,0,0,67584,67584,139264,151552,151552
2048,54,butterfly-check,detect-only,23,7624291 ns,7372247,67584,0,0,0,0,67584,67584,139264,151552,151552
2048,54,butterfly-check,detect-only,24,7555499 ns,7313411,67584,0,0,0,0,67584,67584,139264,151552,151552
2048,54,butterfly-check,detect-only,25,7577418 ns,7324622,67584,0,0,0,0,67584,67584,139264,151552,151552
2048,54,butterfly-check,detect-only,26,7617917 ns,7361959,67584,0,0,0,0,67584,67584,139264,151552,151552
2048,54,butterfly-check,detect-only,27,7632834 ns,7365084,67584,0,0,0,0,67584,67584,139264,151552,151552
2048,54,butterfly-check,detect-only,28,7609457 ns,7352213,67584,0,0,0,0,67584,67584,139264,151552,151552
2048,54,butterfly-check,detect-only,29,7563043 ns,7319042,67584,0,0,0,0,67584,67584,139264,151552,151552
2048,54,butterfly-check,detect-only,30,7592958 ns,7348962,67584,0,0,0,0,67584,67584,139264,151552,151552
2048,54,butterfly-check,recompute,1,7609125 ns,7354882,67584,0,0,0,0,67584,67584,139264,151552,151552
2048,54,butterfly-check,recompute,2,7609292 ns,7359666,67584,0,0,0,0,67584,67584,139264,151552,151552
2048,54,butterfly-check,recompute,3,7545542 ns,7287002,67584,0,0,0,0,67584,67584,139264,151552,151552
2048,54,butterfly-check,recompute,4,7621665 ns,7364751,67584,0,0,0,0,67584,67584,139264,151552,151552
2048,54,butterfly-check,recompute,5,7617791 ns,7369418,67584,0,0,0,0,67584,67584,139264,151552,151552
2048,54,butterfly-check,recompute,6,7602459 ns,7349505,67584,0,0,0,0,67584,67584,139264,151552,151552
2048,54,butterfly-check,recompute,7,7586043 ns,7335666,67584,0,0,0,0,67584,67584,139264,151552,151552
2048,54,butterfly-check,recompute,8,7635624 ns,7380206,67584,0,0,0,0,67584,67584,139264,151552,151552
2048,54,butterfly-check,recompute,9,7630833 ns,7376918,67584,0,0,0,0,67584,67584,139264,151552,151552
2048,54,butterfly-check,recompute,10,7628291 ns,7375793,67584,0,0,0,0,67584,67584,139264,151552,151552
2048,54,butterfly-check,recompute,11,7575668 ns,7326956,67584,0,0,0,0,67584,67584,139264,151552,151552
2048,54,butterfly-check,recompute,12,7599666 ns,7354122,67584,0,0,0,0,67584,67584,139264,151552,151552
2048,54,butterfly-check,recompute,13,7601624 ns,7353333,67584,0,0,0,0,67584,67584,139264,151552,151552
2048,54,butterfly-check,recompute,14,7589376 ns,7342084,67584,0,0,0,0,67584,67584,139264,151552,151552
2048,54,butterfly-check,recompute,15,7618085 ns,7362836,67584,0,0,0,0,67584,67584,139264,151552,151552
2048,54,butterfly-check,recompute,16,7611207 ns,7350919,67584,0,0,0,0,67584,67584,139264,151552,151552
2048,54,butterfly-check,recompute,17,7660041 ns,7400714,67584,0,0,0,0,67584,67584,139264,151552,151552
2048,54,butterfly-check,recompute,18,7619250 ns,7356957,67584,0,0,0,0,67584,67584,139264,151552,151552
2048,54,butterfly-check,recompute,19,7601582 ns,7345838,67584,0,0,0,0,67584,67584,139264,151552,151552
2048,54,butterfly-check,recompute,20,7672418 ns,7418547,67584,0,0,0,0,67584,67584,139264,151552,151552
2048,54,butterfly-check,recompute,21,7601584 ns,7341879,67584,0,0,0,0,67584,67584,139264,151552,151552
2048,54,butterfly-check,recompute,22,7600917 ns,7341077,67584,0,0,0,0,67584,67584,139264,151552,151552
2048,54,butterfly-check,recompute,23,7576709 ns,7328920,67584,0,0,0,0,67584,67584,139264,151552,151552
2048,54,butterfly-check,recompute,24,7579041 ns,7333626,67584,0,0,0,0,67584,67584,139264,151552,151552
2048,54,butterfly-check,recompute,25,7581835 ns,7327960,67584,0,0,0,0,67584,67584,139264,151552,151552
2048,54,butterfly-check,recompute,26,7580751 ns,7333833,67584,0,0,0,0,67584,67584,139264,151552,151552
2048,54,butterfly-check,recompute,27,7561833 ns,7318453,67584,0,0,0,0,67584,67584,139264,151552,151552
2048,54,butterfly-check,recompute,28,7622292 ns,7362543,67584,0,0,0,0,67584,67584,139264,151552,151552
2048,54,butterfly-check,recompute,29,7594375 ns,7351750,67584,0,0,0,0,67584,67584,139264,151552,151552
2048,54,butterfly-check,recompute,30,7595542 ns,7342960,67584,0,0,0,0,67584,67584,139264,151552,151552
2048,54,stage-checksum,detect-only,1,7983541 ns,7739710,66,0,66,0,0,67584,67584,139264,151552,151552
2048,54,stage-checksum,detect-only,2,7997083 ns,7742883,66,0,66,0,0,67584,67584,139264,151552,151552
2048,54,stage-checksum,detect-only,3,7979915 ns,7732838,66,0,66,0,0,67584,67584,139264,151552,151552
2048,54,stage-checksum,detect-only,4,7993207 ns,7735254,66,0,66,0,0,67584,67584,139264,151552,151552
2048,54,stage-checksum,detect-only,5,7983833 ns,7736790,66,0,66,0,0,67584,67584,139264,151552,151552
2048,54,stage-checksum,detect-only,6,7977085 ns,7734205,66,0,66,0,0,67584,67584,139264,151552,151552
2048,54,stage-checksum,detect-only,7,7996791 ns,7749454,66,0,66,0,0,67584,67584,139264,151552,151552
2048,54,stage-checksum,detect-only,8,8012458 ns,7749834,66,0,66,0,0,67584,67584,139264,151552,151552
2048,54,stage-checksum,detect-only,9,8016710 ns,7761709,66,0,66,0,0,67584,67584,139264,151552,151552
2048,54,stage-checksum,detect-only,10,7986999 ns,7734704,66,0,66,0,0,67584,67584,139264,151552,151552
2048,54,stage-checksum,detect-only,11,8012332 ns,7753170,66,0,66,0,0,67584,67584,139264,151552,151552
2048,54,stage-checksum,detect-only,12,7989209 ns,7733956,66,0,66,0,0,67584,67584,139264,151552,151552
2048,54,stage-checksum,detect-only,13,8267458 ns,8016709,66,0,66,0,0,67584,67584,139264,151552,151552
2048,54,stage-checksum,detect-only,14,8433876 ns,8167164,66,0,66,0,0,67584,67584,139264,151552,151552
2048,54,stage-checksum,detect-only,15,8331166 ns,8071916,66,0,66,0,0,67584,67584,139264,151552,151552
2048,54,stage-checksum,detect-only,16,8410292 ns,8149831,66,0,66,0,0,67584,67584,139264,151552,151552
2048,54,stage-checksum,detect-only,17,7989124 ns,7745713,66,0,66,0,0,67584,67584,139264,151552,151552
2048,54,stage-checksum,detect-only,18,7958458 ns,7713791,66,0,66,0,0,67584,67584,139264,151552,151552
2048,54,stage-checksum,detect-only,19,8076457 ns,7824624,66,0,66,0,0,67584,67584,139264,151552,151552
2048,54,stage-checksum,detect-only,20,7967166 ns,7722244,66,0,66,0,0,67584,67584,139264,151552,151552
2048,54,stage-checksum,detect-only,21,7954459 ns,7715957,66,0,66,0,0,67584,67584,139264,151552,151552
2048,54,stage-checksum,detect-only,22,7988708 ns,7736916,66,0,66,0,0,67584,67584,139264,151552,151552
2048,54,stage-checksum,detect-only,23,7997168 ns,7731621,66,0,66,0,0,67584,67584,139264,151552,151552
2048,54,stage-checksum,detect-only,24,8013667 ns,7752043,66,0,66,0,0,67584,67584,139264,151552,151552
2048,54,stage-checksum,detect-only,25,8016666 ns,7762419,66,0,66,0,0,67584,67584,139264,151552,151552
2048,54,stage-checksum,detect-only,26,8018874 ns,7760663,66,0,66,0,0,67584,67584,139264,151552,151552
2048,54,stage-checksum,detect-only,27,8027584 ns,7769460,66,0,66,0,0,67584,67584,139264,151552,151552
2048,54,stage-checksum,detect-only,28,8026208 ns,7769041,66,0,66,0,0,67584,67584,139264,151552,151552
2048,54,stage-checksum,detect-only,29,8136958 ns,7890796,66,0,66,0,0,67584,67584,139264,151552,151552
2048,54,stage-checksum,detect-only,30,8020750 ns,7765251,66,0,66,0,0,67584,67584,139264,151552,151552
2048,54,stage-checksum,recompute,1,7993668 ns,7738911,66,0,66,0,0,67584,67584,139264,151552,151552
2048,54,stage-checksum,recompute,2,8002500 ns,7742170,66,0,66,0,0,67584,67584,139264,151552,151552
2048,54,stage-checksum,recompute,3,8013417 ns,7754837,66,0,66,0,0,67584,67584,139264,151552,151552
2048,54,stage-checksum,recompute,4,8015669 ns,7757583,66,0,66,0,0,67584,67584,139264,151552,151552
2048,54,stage-checksum,recompute,5,8002083 ns,7749921,66,0,66,0,0,67584,67584,139264,151552,151552
2048,54,stage-checksum,recompute,6,8015874 ns,7763953,66,0,66,0,0,67584,67584,139264,151552,151552
2048,54,stage-checksum,recompute,7,8033916 ns,7779539,66,0,66,0,0,67584,67584,139264,151552,151552
2048,54,stage-checksum,recompute,8,7989957 ns,7733868,66,0,66,0,0,67584,67584,139264,151552,151552
2048,54,stage-checksum,recompute,9,8030750 ns,7781164,66,0,66,0,0,67584,67584,139264,151552,151552
2048,54,stage-checksum,recompute,10,7992918 ns,7743916,66,0,66,0,0,67584,67584,139264,151552,151552
2048,54,stage-checksum,recompute,11,7999541 ns,7756205,66,0,66,0,0,67584,67584,139264,151552,151552
2048,54,stage-checksum,recompute,12,8005000 ns,7760249,66,0,66,0,0,67584,67584,139264,151552,151552
2048,54,stage-checksum,recompute,13,8008083 ns,7744284,66,0,66,0,0,67584,67584,139264,151552,151552
2048,54,stage-checksum,recompute,14,8011583 ns,7756290,66,0,66,0,0,67584,67584,139264,151552,151552
2048,54,stage-checksum,recompute,15,8018333 ns,7765711,66,0,66,0,0,67584,67584,139264,151552,151552
2048,54,stage-checksum,recompute,16,8007125 ns,7756919,66,0,66,0,0,67584,67584,139264,151552,151552
2048,54,stage-checksum,recompute,17,7998668 ns,7746003,66,0,66,0,0,67584,67584,139264,151552,151552
2048,54,stage-checksum,recompute,18,7992499 ns,7740576,66,0,66,0,0,67584,67584,139264,151552,151552
2048,54,stage-checksum,recompute,19,7983041 ns,7726501,66,0,66,0,0,67584,67584,139264,151552,151552
2048,54,stage-checksum,recompute,20,7992458 ns,7730374,66,0,66,0,0,67584,67584,139264,151552,151552
2048,54,stage-checksum,recompute,21,7991001 ns,7740373,66,0,66,0,0,67584,67584,139264,151552,151552
2048,54,stage-checksum,recompute,22,7991875 ns,7733167,66,0,66,0,0,67584,67584,139264,151552,151552
2048,54,stage-checksum,recompute,23,7988709 ns,7744631,66,0,66,0,0,67584,67584,139264,151552,151552
2048,54,stage-checksum,recompute,24,8001043 ns,7756293,66,0,66,0,0,67584,67584,139264,151552,151552
2048,54,stage-checksum,recompute,25,7977917 ns,7735046,66,0,66,0,0,67584,67584,139264,151552,151552
2048,54,stage-checksum,recompute,26,7983792 ns,7733835,66,0,66,0,0,67584,67584,139264,151552,151552
2048,54,stage-checksum,recompute,27,8015293 ns,7755833,66,0,66,0,0,67584,67584,139264,151552,151552
2048,54,stage-checksum,recompute,28,8024001 ns,7768664,66,0,66,0,0,67584,67584,139264,151552,151552
2048,54,stage-checksum,recompute,29,7969625 ns,7727374,66,0,66,0,0,67584,67584,139264,151552,151552
2048,54,stage-checksum,recompute,30,7970001 ns,7724706,66,0,66,0,0,67584,67584,139264,151552,151552
4096,28,none,detect-only,1,12671250 ns,0,0,0,0,0,0,147456,147456,303104,327680,327680
4096,28,none,detect-only,2,12716875 ns,0,0,0,0,0,0,147456,147456,303104,327680,327680
4096,28,none,detect-only,3,12720750 ns,0,0,0,0,0,0,147456,147456,303104,327680,327680
4096,28,none,detect-only,4,12684458 ns,0,0,0,0,0,0,147456,147456,303104,327680,327680
4096,28,none,detect-only,5,12741916 ns,0,0,0,0,0,0,147456,147456,303104,327680,327680
4096,28,none,detect-only,6,12685168 ns,0,0,0,0,0,0,147456,147456,303104,327680,327680
4096,28,none,detect-only,7,12795959 ns,0,0,0,0,0,0,147456,147456,303104,327680,327680
4096,28,none,detect-only,8,12713001 ns,0,0,0,0,0,0,147456,147456,303104,327680,327680
4096,28,none,detect-only,9,12695667 ns,0,0,0,0,0,0,147456,147456,303104,327680,327680
4096,28,none,detect-only,10,12716000 ns,0,0,0,0,0,0,147456,147456,303104,327680,327680
4096,28,none,detect-only,11,12707251 ns,0,0,0,0,0,0,147456,147456,303104,327680,327680
4096,28,none,detect-only,12,12675832 ns,0,0,0,0,0,0,147456,147456,303104,327680,327680
4096,28,none,detect-only,13,12709459 ns,0,0,0,0,0,0,147456,147456,303104,327680,327680
4096,28,none,detect-only,14,12744876 ns,0,0,0,0,0,0,147456,147456,303104,327680,327680
4096,28,none,detect-only,15,12687085 ns,0,0,0,0,0,0,147456,147456,303104,327680,327680
4096,28,none,detect-only,16,12673666 ns,0,0,0,0,0,0,147456,147456,303104,327680,327680
4096,28,none,detect-only,17,12763957 ns,0,0,0,0,0,0,147456,147456,303104,327680,327680
4096,28,none,detect-only,18,12732417 ns,0,0,0,0,0,0,147456,147456,303104,327680,327680
4096,28,none,detect-only,19,12714208 ns,0,0,0,0,0,0,147456,147456,303104,327680,327680
4096,28,none,detect-only,20,12697749 ns,0,0,0,0,0,0,147456,147456,303104,327680,327680
4096,28,none,detect-only,21,12711374 ns,0,0,0,0,0,0,147456,147456,303104,327680,327680
4096,28,none,detect-only,22,12727374 ns,0,0,0,0,0,0,147456,147456,303104,327680,327680
4096,28,none,detect-only,23,12704790 ns,0,0,0,0,0,0,147456,147456,303104,327680,327680
4096,28,none,detect-only,24,12699042 ns,0,0,0,0,0,0,147456,147456,303104,327680,327680
4096,28,none,detect-only,25,12671041 ns,0,0,0,0,0,0,147456,147456,303104,327680,327680
4096,28,none,detect-only,26,12665084 ns,0,0,0,0,0,0,147456,147456,303104,327680,327680
4096,28,none,detect-only,27,12761375 ns,0,0,0,0,0,0,147456,147456,303104,327680,327680
4096,28,none,detect-only,28,13273583 ns,0,0,0,0,0,0,147456,147456,303104,327680,327680
4096,28,none,detect-only,29,12823459 ns,0,0,0,0,0,0,147456,147456,303104,327680,327680
4096,28,none,detect-only,30,12701792 ns,0,0,0,0,0,0,147456,147456,303104,327680,327680
4096,28,butterfly-check,detect-only,1,14935501 ns,14474333,147456,0,0,0,0,147456,147456,303104,327680,327680
4096,28,butterfly-check,detect-only,2,15344709 ns,14871164,147456,0,0,0,0,147456,147456,303104,327680,327680
4096,28,butterfly-check,detect-only,3,14692958 ns,14234170,147456,0,0,0,0,147456,147456,303104,327680,327680
4096,28,butterfly-check,detect-only,4,14477376 ns,14032127,147456,0,0,0,0,147456,147456,303104,327680,327680
4096,28,butterfly-check,detect-only,5,14520207 ns,14076958,147456,0,0,0,0,147456,147456,303104,327680,327680
4096,28,butterfly-check,detect-only,6,14934791 ns,14468834,147456,0,0,0,0,147456,147456,303104,327680,327680
4096,28,butterfly-check,detect-only,7,14522083 ns,14067122,147456,0,0,0,0,147456,147456,303104,327680,327680
4096,28,butterfly-check,detect-only,8,14560123 ns,14100623,147456,0,0,0,0,147456,147456,303104,327680,327680
4096,28,butterfly-check,detect-only,9,14501374 ns,14053333,147456,0,0,0,0,147456,147456,303104,327680,327680
4096,28,butterfly-check,detect-only,10,14493875 ns,14045838,147456,0,0,0,0,147456,147456,303104,327680,327680
4096,28,butterfly-check,detect-only,11,14528292 ns,14080379,147456,0,0,0,0,147456,147456,303104,327680,327680
4096,28,butterfly-check,detect-only,12,14537083 ns,14090712,147456,0,0,0,0,147456,147456,303104,327680,327680
4096,28,butterfly-check,detect-only,13,14558041 ns,14091164,147456,0,0,0,0,147456,147456,303104,327680,327680
4096,28,butterfly-check,detect-only,14,14479501 ns,14027963,147456,0,0,0,0,147456,147456,303104,327680,327680
4096,28,butterfly-check,detect-only,15,14500666 ns,14053125,147456,0,0,0,0,147456,147456,303104,327680,327680
4096,28,butterfly-check,detect-only,16,14535499 ns,14073079,147456,0,0,0,0,147456,147456,303104,327680,327680
4096,28,butterfly-check,detect-only,17,14517750 ns,14069295,147456,0,0,0,0,147456,147456,303104,327680,327680
4096,28,butterfly-check,detect-only,18,14496083 ns,14044793,147456,0,0,0,0,147456,147456,303104,327680,327680
4096,28,butterfly-check,detect-only,19,14852958 ns,14392835,147456,0,0,0,0,147456,147456,303104,327680,327680
4096,28,butterfly-check,detect-only,20,15018624 ns,14540454,147456,0,0,0,0,147456,147456,303104,327680,327680
4096,28,butterfly-check,detect-only,21,14516126 ns,14067167,147456,0,0,0,0,147456,147456,303104,327680,327680
4096,28,butterfly-check,detect-only,22,14497916 ns,14054458,147456,0,0,0,0,147456,147456,303104,327680,327680
4096,28,butterfly-check,detect-only,23,14481459 ns,14034499,147456,0,0,0,0,147456,147456,303104,327680,327680
4096,28,butterfly-check,detect-only,24,14486416 ns,14037374,147456,0,0,0,0,147456,147456,303104,327680,327680
4096,28,butterfly-check,detect-only,25,14515875 ns,14045961,147456,0,0,0,0,147456,147456,303104,327680,327680
4096,28,butterfly-check,detect-only,26,14527001 ns,14060627,147456,0,0,0,0,147456,147456,303104,327680,327680
4096,28,butterfly-check,detect-only,27,14534042 ns,14079001,147456,0,0,0,0,147456,147456,303104,327680,327680
4096,28,butterfly-check,detect-only,28,14478250 ns,14034416,147456,0,0,0,0,147456,147456,303104,327680,327680
4096,28,butterfly-check,detect-only,29,14559250 ns,14110629,147456,0,0,0,0,147456,147456,303104,327680,327680
4096,28,butterfly-check,detect-only,30,14473042 ns,14034248,147456,0,0,0,0,147456,147456,303104,327680,327680
4096,28,butterfly-check,recompute,1,14552292 ns,14086791,147456,0,0,0,0,147456,147456,303104,327680,327680
4096,28,butterfly-check,recompute,2,14536918 ns,14079834,147456,0,0,0,0,147456,147456,303104,327680,327680
4096,28,butterfly-check,recompute,3,14507375 ns,14057920,147456,0,0,0,0,147456,147456,303104,327680,327680
4096,28,butterfly-check,recompute,4,14540624 ns,14093046,147456,0,0,0,0,147456,147456,303104,327680,327680
4096,28,butterfly-check,recompute,5,14544709 ns,14094749,147456,0,0,0,0,147456,147456,303104,327680,327680
4096,28,butterfly-check,recompute,6,14603709 ns,14135415,147456,0,0,0,0,147456,147456,303104,327680,327680
4096,28,butterfly-check,recompute,7,14536459 ns,14075788,147456,0,0,0,0,147456,147456,303104,327680,327680
4096,28,butterfly-check,recompute,8,14480540 ns,14038041,147456,0,0,0,0,147456,147456,303104,327680,327680
4096,28,butterfly-check,recompute,9,14498582 ns,14049874,147456,0,0,0,0,147456,147456,303104,327680,327680
4096,28,butterfly-check,recompute,10,14539209 ns,14094374,147456,0,0,0,0,147456,147456,303104,327680,327680
4096,28,butterfly-check,recompute,11,15185376 ns,14706584,147456,0,0,0,0,147456,147456,303104,327680,327680
4096,28,butterfly-check,recompute,12,14504124 ns,14046333,147456,0,0,0,0,147456,147456,303104,327680,327680
4096,28,butterfly-check,recompute,13,14506084 ns,14052795,147456,0,0,0,0,147456,147456,303104,327680,327680
4096,28,butterfly-check,recompute,14,14511166 ns,14065536,147456,0,0,0,0,147456,147456,303104,327680,327680
4096,28,butterfly-check,recompute,15,14512834 ns,14072166,147456,0,0,0,0,147456,147456,303104,327680,327680
4096,28,butterfly-check,recompute,16,14543332 ns,14095667,147456,0,0,0,0,147456,147456,303104,327680,327680
4096,28,butterfly-check,recompute,17,14554875 ns,14100167,147456,0,0,0,0,147456,147456,303104,327680,327680
4096,28,butterfly-check,recompute,18,14761124 ns,14331963,147456,0,0,0,0,147456,147456,303104,327680,327680
4096,28,butterfly-check,recompute,19,14520584 ns,14061839,147456,0,0,0,0,147456,147456,303104,327680,327680
4096,28,butterfly-check,recompute,20,14480251 ns,14026915,147456,0,0,0,0,147456,147456,303104,327680,327680
4096,28,butterfly-check,recompute,21,14526792 ns,14069710,147456,0,0,0,0,147456,147456,303104,327680,327680
4096,28,butterfly-check,recompute,22,14527458 ns,14070578,147456,0,0,0,0,147456,147456,303104,327680,327680
4096,28,butterfly-check,recompute,23,14480499 ns,14038084,147456,0,0,0,0,147456,147456,303104,327680,327680
4096,28,butterfly-check,recompute,24,14504707 ns,14059164,147456,0,0,0,0,147456,147456,303104,327680,327680
4096,28,butterfly-check,recompute,25,14547335 ns,14083837,147456,0,0,0,0,147456,147456,303104,327680,327680
4096,28,butterfly-check,recompute,26,14527792 ns,14081833,147456,0,0,0,0,147456,147456,303104,327680,327680
4096,28,butterfly-check,recompute,27,14657626 ns,14202213,147456,0,0,0,0,147456,147456,303104,327680,327680
4096,28,butterfly-check,recompute,28,14541542 ns,14084832,147456,0,0,0,0,147456,147456,303104,327680,327680
4096,28,butterfly-check,recompute,29,14486458 ns,14030876,147456,0,0,0,0,147456,147456,303104,327680,327680
4096,28,butterfly-check,recompute,30,14524501 ns,14085168,147456,0,0,0,0,147456,147456,303104,327680,327680
4096,28,stage-checksum,detect-only,1,15432292 ns,14981788,72,0,72,0,0,147456,147456,303104,327680,327680
4096,28,stage-checksum,detect-only,2,15940332 ns,15471876,72,0,72,0,0,147456,147456,303104,327680,327680
4096,28,stage-checksum,detect-only,3,15507417 ns,15036791,72,0,72,0,0,147456,147456,303104,327680,327680
4096,28,stage-checksum,detect-only,4,15525874 ns,15074376,72,0,72,0,0,147456,147456,303104,327680,327680
4096,28,stage-checksum,detect-only,5,15478667 ns,14997288,72,0,72,0,0,147456,147456,303104,327680,327680
4096,28,stage-checksum,detect-only,6,15438541 ns,14979333,72,0,72,0,0,147456,147456,303104,327680,327680
4096,28,stage-checksum,detect-only,7,15588875 ns,15130374,72,0,72,0,0,147456,147456,303104,327680,327680
4096,28,stage-checksum,detect-only,8,15428707 ns,14979541,72,0,72,0,0,147456,147456,303104,327680,327680
4096,28,stage-checksum,detect-only,9,15408417 ns,14967792,72,0,72,0,0,147456,147456,303104,327680,327680
4096,28,stage-checksum,detect-only,10,15413291 ns,14963959,72,0,72,0,0,147456,147456,303104,327680,327680
4096,28,stage-checksum,detect-only,11,15495375 ns,15044164,72,0,72,0,0,147456,147456,303104,327680,327680
4096,28,stage-checksum,detect-only,12,15409500 ns,14963330,72,0,72,0,0,147456,147456,303104,327680,327680
4096,28,stage-checksum,detect-only,13,16050666 ns,15567620,72,0,72,0,0,147456,147456,303104,327680,327680
4096,28,stage-checksum,detect-only,14,15478627 ns,15011210,72,0,72,0,0,147456,147456,303104,327680,327680
4096,28,stage-checksum,detect-only,15,15454960 ns,15000290,72,0,72,0,0,147456,147456,303104,327680,327680
4096,28,stage-checksum,detect-only,16,15541292 ns,15086875,72,0,72,0,0,147456,147456,303104,327680,327680
4096,28,stage-checksum,detect-only,17,15466124 ns,15010788,72,0,72,0,0,147456,147456,303104,327680,327680
4096,28,stage-checksum,detect-only,18,15413041 ns,14966834,72,0,72,0,0,147456,147456,303104,327680,327680
4096,28,stage-checksum,detect-only,19,15392458 ns,14946210,72,0,72,0,0,147456,147456,303104,327680,327680
4096,28,stage-checksum,detect-only,20,15425167 ns,14967753,72,0,72,0,0,147456,147456,303104,327680,327680
4096,28,stage-checksum,detect-only,21,15435000 ns,14988084,72,0,72,0,0,147456,147456,303104,327680,327680
4096,28,stage-checksum,detect-only,22,15469792 ns,14987423,72,0,72,0,0,147456,147456,303104,327680,327680
4096,28,stage-checksum,detect-only,23,15839958 ns,15379586,72,0,72,0,0,147456,147456,303104,327680,327680
4096,28,stage-checksum,detect-only,24,15468916 ns,15020790,72,0,72,0,0,147456,147456,303104,327680,327680
4096,28,stage-checksum,detect-only,25,15425376 ns,14981418,72,0,72,0,0,147456,147456,303104,327680,327680
4096,28,stage-checksum,detect-only,26,15408460 ns,14968416,72,0,72,0,0,147456,147456,303104,327680,327680
4096,28,stage-checksum,detect-only,27,15450832 ns,15003003,72,0,72,0,0,147456,147456,303104,327680,327680
4096,28,stage-checksum,detect-only,28,15407623 ns,14960330,72,0,72,0,0,147456,147456,303104,327680,327680
4096,28,stage-checksum,detect-only,29,15470790 ns,15003997,72,0,72,0,0,147456,147456,303104,327680,327680
4096,28,stage-checksum,detect-only,30,15412750 ns,14975333,72,0,72,0,0,147456,147456,303104,327680,327680
4096,28,stage-checksum,recompute,1,15405458 ns,14962836,72,0,72,0,0,147456,147456,303104,327680,327680
4096,28,stage-checksum,recompute,2,15521207 ns,15070499,72,0,72,0,0,147456,147456,303104,327680,327680
4096,28,stage-checksum,recompute,3,15471959 ns,15006458,72,0,72,0,0,147456,147456,303104,327680,327680
4096,28,stage-checksum,recompute,4,15467291 ns,15022878,72,0,72,0,0,147456,147456,303104,327680,327680
4096,28,stage-checksum,recompute,5,15416376 ns,14982669,72,0,72,0,0,147456,147456,303104,327680,327680
4096,28,stage-checksum,recompute,6,15398583 ns,14955212,72,0,72,0,0,147456,147456,303104,327680,327680
4096,28,stage-checksum,recompute,7,15440042 ns,14996455,72,0,72,0,0,147456,147456,303104,327680,327680
4096,28,stage-checksum,recompute,8,15429542 ns,14984919,72,0,72,0,0,147456,147456,303104,327680,327680
4096,28,stage-checksum,recompute,9,15635791 ns,15179295,72,0,72,0,0,147456,147456,303104,327680,327680
4096,28,stage-checksum,recompute,10,15485625 ns,15027629,72,0,72,0,0,147456,147456,303104,327680,327680
4096,28,stage-checksum,recompute,11,15445083 ns,14976789,72,0,72,0,0,147456,147456,303104,327680,327680
4096,28,stage-checksum,recompute,12,15432000 ns,14979501,72,0,72,0,0,147456,147456,303104,327680,327680
4096,28,stage-checksum,recompute,13,15395959 ns,14956165,72,0,72,0,0,147456,147456,303104,327680,327680
4096,28,stage-checksum,recompute,14,16086750 ns,15613543,72,0,72,0,0,147456,147456,303104,327680,327680
4096,28,stage-checksum,recompute,15,16118541 ns,15669006,72,0,72,0,0,147456,147456,303104,327680,327680
4096,28,stage-checksum,recompute,16,15412666 ns,14975419,72,0,72,0,0,147456,147456,303104,327680,327680
4096,28,stage-checksum,recompute,17,15426332 ns,14977086,72,0,72,0,0,147456,147456,303104,327680,327680
4096,28,stage-checksum,recompute,18,15491874 ns,15043709,72,0,72,0,0,147456,147456,303104,327680,327680
4096,28,stage-checksum,recompute,19,15510668 ns,15049625,72,0,72,0,0,147456,147456,303104,327680,327680
4096,28,stage-checksum,recompute,20,15462082 ns,15012042,72,0,72,0,0,147456,147456,303104,327680,327680
4096,28,stage-checksum,recompute,21,15422001 ns,14972207,72,0,72,0,0,147456,147456,303104,327680,327680
4096,28,stage-checksum,recompute,22,15492834 ns,15041955,72,0,72,0,0,147456,147456,303104,327680,327680
4096,28,stage-checksum,recompute,23,15472459 ns,15027915,72,0,72,0,0,147456,147456,303104,327680,327680
4096,28,stage-checksum,recompute,24,15396501 ns,14949335,72,0,72,0,0,147456,147456,303104,327680,327680
4096,28,stage-checksum,recompute,25,15442625 ns,14963302,72,0,72,0,0,147456,147456,303104,327680,327680
4096,28,stage-checksum,recompute,26,15405125 ns,14960121,72,0,72,0,0,147456,147456,303104,327680,327680
4096,28,stage-checksum,recompute,27,15385915 ns,14946583,72,0,72,0,0,147456,147456,303104,327680,327680
4096,28,stage-checksum,recompute,28,15448125 ns,15000043,72,0,72,0,0,147456,147456,303104,327680,327680
4096,28,stage-checksum,recompute,29,16437126 ns,15937666,72,0,72,0,0,147456,147456,303104,327680,327680
4096,28,stage-checksum,recompute,30,15443582 ns,14996250,72,0,72,0,0,147456,147456,303104,327680,327680
4096,54,none,detect-only,1,14572832 ns,0,0,0,0,0,0,147456,147456,303104,327680,327680
4096,54,none,detect-only,2,14627960 ns,0,0,0,0,0,0,147456,147456,303104,327680,327680
4096,54,none,detect-only,3,14565583 ns,0,0,0,0,0,0,147456,147456,303104,327680,327680
4096,54,none,detect-only,4,14509916 ns,0,0,0,0,0,0,147456,147456,303104,327680,327680
4096,54,none,detect-only,5,15220292 ns,0,0,0,0,0,0,147456,147456,303104,327680,327680
4096,54,none,detect-only,6,15267040 ns,0,0,0,0,0,0,147456,147456,303104,327680,327680
4096,54,none,detect-only,7,14598167 ns,0,0,0,0,0,0,147456,147456,303104,327680,327680
4096,54,none,detect-only,8,14606126 ns,0,0,0,0,0,0,147456,147456,303104,327680,327680
4096,54,none,detect-only,9,14542667 ns,0,0,0,0,0,0,147456,147456,303104,327680,327680
4096,54,none,detect-only,10,14604417 ns,0,0,0,0,0,0,147456,147456,303104,327680,327680
4096,54,none,detect-only,11,14548834 ns,0,0,0,0,0,0,147456,147456,303104,327680,327680
4096,54,none,detect-only,12,14566625 ns,0,0,0,0,0,0,147456,147456,303104,327680,327680
4096,54,none,detect-only,13,14543125 ns,0,0,0,0,0,0,147456,147456,303104,327680,327680
4096,54,none,detect-only,14,14611874 ns,0,0,0,0,0,0,147456,147456,303104,327680,327680
4096,54,none,detect-only,15,14563583 ns,0,0,0,0,0,0,147456,147456,303104,327680,327680
4096,54,none,detect-only,16,14580667 ns,0,0,0,0,0,0,147456,147456,303104,327680,327680
4096,54,none,detect-only,17,14531708 ns,0,0,0,0,0,0,147456,147456,303104,327680,327680
4096,54,none,detect-only,18,14550333 ns,0,0,0,0,0,0,147456,147456,303104,327680,327680
4096,54,none,detect-only,19,14514166 ns,0,0,0,0,0,0,147456,147456,303104,327680,327680
4096,54,none,detect-only,20,14564667 ns,0,0,0,0,0,0,147456,147456,303104,327680,327680
4096,54,none,detect-only,21,14606499 ns,0,0,0,0,0,0,147456,147456,303104,327680,327680
4096,54,none,detect-only,22,14586125 ns,0,0,0,0,0,0,147456,147456,303104,327680,327680
4096,54,none,detect-only,23,14583542 ns,0,0,0,0,0,0,147456,147456,303104,327680,327680
4096,54,none,detect-only,24,14545793 ns,0,0,0,0,0,0,147456,147456,303104,327680,327680
4096,54,none,detect-only,25,14511540 ns,0,0,0,0,0,0,147456,147456,303104,327680,327680
4096,54,none,detect-only,26,14515208 ns,0,0,0,0,0,0,147456,147456,303104,327680,327680
4096,54,none,detect-only,27,15642583 ns,0,0,0,0,0,0,147456,147456,303104,327680,327680
4096,54,none,detect-only,28,14543291 ns,0,0,0,0,0,0,147456,147456,303104,327680,327680
4096,54,none,detect-only,29,14605917 ns,0,0,0,0,0,0,147456,147456,303104,327680,327680
4096,54,none,detect-only,30,14614917 ns,0,0,0,0,0,0,147456,147456,303104,327680,327680
4096,54,butterfly-check,detect-only,1,16485457 ns,16006834,147456,0,0,0,0,147456,147456,303104,327680,327680
4096,54,butterfly-check,detect-only,2,16454792 ns,15972753,147456,0,0,0,0,147456,147456,303104,327680,327680
4096,54,butterfly-check,detect-only,3,16487875 ns,16005746,147456,0,0,0,0,147456,147456,303104,327680,327680
4096,54,butterfly-check,detect-only,4,16462542 ns,15980251,147456,0,0,0,0,147456,147456,303104,327680,327680
4096,54,butterfly-check,detect-only,5,16408374 ns,15908707,147456,0,0,0,0,147456,147456,303104,327680,327680
4096,54,butterfly-check,detect-only,6,16404708 ns,15923413,147456,0,0,0,0,147456,147456,303104,327680,327680
4096,54,butterfly-check,detect-only,7,16444706 ns,15960834,147456,0,0,0,0,147456,147456,303104,327680,327680
4096,54,butterfly-check,detect-only,8,16407791 ns,15922869,147456,0,0,0,0,147456,147456,303104,327680,327680
4096,54,butterfly-check,detect-only,9,16521251 ns,16023710,147456,0,0,0,0,147456,147456,303104,327680,327680
4096,54,butterfly-check,detect-only,10,16467542 ns,15987380,147456,0,0,0,0,147456,147456,303104,327680,327680
4096,54,butterfly-check,detect-only,11,16462875 ns,15985501,147456,0,0,0,0,147456,147456,303104,327680,327680
4096,54,butterfly-check,detect-only,12,16458001 ns,15959375,147456,0,0,0,0,147456,147456,303104,327680,327680
4096,54,butterfly-check,detect-only,13,16466960 ns,15986499,147456,0,0,0,0,147456,147456,303104,327680,327680
4096,54,butterfly-check,detect-only,14,16498998 ns,16014210,147456,0,0,0,0,147456,147456,303104,327680,327680
4096,54,butterfly-check,detect-only,15,16480917 ns,16006673,147456,0,0,0,0,147456,147456,303104,327680,327680
4096,54,butterfly-check,detect-only,16,16427665 ns,15941046,147456,0,0,0,0,147456,147456,303104,327680,327680
4096,54,butterfly-check,detect-only,17,16463417 ns,15982037,147456,0,0,0,0,147456,147456,303104,327680,327680
4096,54,butterfly-check,detect-only,18,17206543 ns,16692374,147456,0,0,0,0,147456,147456,303104,327680,327680
4096,54,butterfly-check,detect-only,19,16536918 ns,16066955,147456,0,0,0,0,147456,147456,303104,327680,327680
4096,54,butterfly-check,detect-only,20,16442333 ns,15952087,147456,0,0,0,0,147456,147456,303104,327680,327680
4096,54,butterfly-check,detect-only,21,16444998 ns,15971128,147456,0,0,0,0,147456,147456,303104,327680,327680
4096,54,butterfly-check,detect-only,22,16517625 ns,16024668,147456,0,0,0,0,147456,147456,303104,327680,327680
4096,54,butterfly-check,detect-only,23,16395584 ns,15915875,147456,0,0,0,0,147456,147456,303104,327680,327680
4096,54,butterfly-check,detect-only,24,16398208 ns,15914376,147456,0,0,0,0,147456,147456,303104,327680,327680
4096,54,butterfly-check,detect-only,25,16501626 ns,15999001,147456,0,0,0,0,147456,147456,303104,327680,327680
4096,54,butterfly-check,detect-only,26,16429416 ns,15955078,147456,0,0,0,0,147456,147456,303104,327680,327680
4096,54,butterfly-check,detect-only,27,16496375 ns,16005294,147456,0,0,0,0,147456,147456,303104,327680,327680
4096,54,butterfly-check,detect-only,28,16554791 ns,16067584,147456,0,0,0,0,147456,147456,303104,327680,327680
4096,54,butterfly-check,detect-only,29,16406167 ns,15923832,147456,0,0,0,0,147456,147456,303104,327680,327680
4096,54,butterfly-check,detect-only,30,16574459 ns,16058914,147456,0,0,0,0,147456,147456,303104,327680,327680
4096,54,butterfly-check,recompute,1,16467332 ns,15977921,147456,0,0,0,0,147456,147456,303104,327680,327680
4096,54,butterfly-check,recompute,2,16440125 ns,15958748,147456,0,0,0,0,147456,147456,303104,327680,327680
4096,54,butterfly-check,recompute,3,16457041 ns,15971457,147456,0,0,0,0,147456,147456,303104,327680,327680
4096,54,butterfly-check,recompute,4,16486667 ns,15998250,147456,0,0,0,0,147456,147456,303104,327680,327680
4096,54,butterfly-check,recompute,5,16366667 ns,15873755,147456,0,0,0,0,147456,147456,303104,327680,327680
4096,54,butterfly-check,recompute,6,16392208 ns,15906375,147456,0,0,0,0,147456,147456,303104,327680,327680
4096,54,butterfly-check,recompute,7,16460876 ns,15982544,147456,0,0,0,0,147456,147456,303104,327680,327680
4096,54,butterfly-check,recompute,8,16464208 ns,15984708,147456,0,0,0,0,147456,147456,303104,327680,327680
4096,54,butterfly-check,recompute,9,17096166 ns,16600165,147456,0,0,0,0,147456,147456,303104,327680,327680
4096,54,butterfly-check,recompute,10,16540249 ns,16045168,147456,0,0,0,0,147456,147456,303104,327680,327680
4096,54,butterfly-check,recompute,11,16483083 ns,16004462,147456,0,0,0,0,147456,147456,303104,327680,327680
4096,54,butterfly-check,recompute,12,16476290 ns,15993918,147456,0,0,0,0,147456,147456,303104,327680,327680
4096,54,butterfly-check,recompute,13,16418792 ns,15930961,147456,0,0,0,0,147456,147456,303104,327680,327680
4096,54,butterfly-check,recompute,14,16481582 ns,15969828,147456,0,0,0,0,147456,147456,303104,327680,327680
4096,54,butterfly-check,recompute,15,16359291 ns,15866706,147456,0,0,0,0,147456,147456,303104,327680,327680
4096,54,butterfly-check,recompute,16,16481000 ns,15975668,147456,0,0,0,0,147456,147456,303104,327680,327680
4096,54,butterfly-check,recompute,17,16505833 ns,16030919,147456,0,0,0,0,147456,147456,303104,327680,327680
4096,54,butterfly-check,recompute,18,16479126 ns,15995751,147456,0,0,0,0,147456,147456,303104,327680,327680
4096,54,butterfly-check,recompute,19,16498250 ns,16010462,147456,0,0,0,0,147456,147456,303104,327680,327680
4096,54,butterfly-check,recompute,20,16480499 ns,15995837,147456,0,0,0,0,147456,147456,303104,327680,327680
4096,54,butterfly-check,recompute,21,16464500 ns,15986834,147456,0,0,0,0,147456,147456,303104,327680,327680
4096,54,butterfly-check,recompute,22,16442585 ns,15949665,147456,0,0,0,0,147456,147456,303104,327680,327680
4096,54,butterfly-check,recompute,23,16483416 ns,16000289,147456,0,0,0,0,147456,147456,303104,327680,327680
4096,54,butterfly-check,recompute,24,16371334 ns,15892375,147456,0,0,0,0,147456,147456,303104,327680,327680
4096,54,butterfly-check,recompute,25,16518458 ns,16025996,147456,0,0,0,0,147456,147456,303104,327680,327680
4096,54,butterfly-check,recompute,26,16336208 ns,15859251,147456,0,0,0,0,147456,147456,303104,327680,327680
4096,54,butterfly-check,recompute,27,16493124 ns,15994501,147456,0,0,0,0,147456,147456,303104,327680,327680
4096,54,butterfly-check,recompute,28,16502544 ns,16003996,147456,0,0,0,0,147456,147456,303104,327680,327680
4096,54,butterfly-check,recompute,29,16545042 ns,16039456,147456,0,0,0,0,147456,147456,303104,327680,327680
4096,54,butterfly-check,recompute,30,16665377 ns,16191879,147456,0,0,0,0,147456,147456,303104,327680,327680
4096,54,stage-checksum,detect-only,1,17373542 ns,16880291,72,0,72,0,0,147456,147456,303104,327680,327680
4096,54,stage-checksum,detect-only,2,17289125 ns,16809999,72,0,72,0,0,147456,147456,303104,327680,327680
4096,54,stage-checksum,detect-only,3,17294960 ns,16824334,72,0,72,0,0,147456,147456,303104,327680,327680
4096,54,stage-checksum,detect-only,4,17356667 ns,16867917,72,0,72,0,0,147456,147456,303104,327680,327680
4096,54,stage-checksum,detect-only,5,17293916 ns,16803753,72,0,72,0,0,147456,147456,303104,327680,327680
4096,54,stage-checksum,detect-only,6,17329083 ns,16839881,72,0,72,0,0,147456,147456,303104,327680,327680
4096,54,stage-checksum,detect-only,7,17373041 ns,16890706,72,0,72,0,0,147456,147456,303104,327680,327680
4096,54,stage-checksum,detect-only,8,17330459 ns,16837584,72,0,72,0,0,147456,147456,303104,327680,327680
4096,54,stage-checksum,detect-only,9,17286917 ns,16819418,72,0,72,0,0,147456,147456,303104,327680,327680
4096,54,stage-checksum,detect-only,10,17305124 ns,16816670,72,0,72,0,0,147456,147456,303104,327680,327680
4096,54,stage-checksum,detect-only,11,17312123 ns,16824422,72,0,72,0,0,147456,147456,303104,327680,327680
4096,54,stage-checksum,detect-only,12,17325625 ns,16834077,72,0,72,0,0,147456,147456,303104,327680,327680
4096,54,stage-checksum,detect-only,13,17374041 ns,16890712,72,0,72,0,0,147456,147456,303104,327680,327680
4096,54,stage-checksum,detect-only,14,17357125 ns,16868043,72,0,72,0,0,147456,147456,303104,327680,327680
4096,54,stage-checksum,detect-only,15,17299832 ns,16809708,72,0,72,0,0,147456,147456,303104,327680,327680
4096,54,stage-checksum,detect-only,16,17372500 ns,16903294,72,0,72,0,0,147456,147456,303104,327680,327680
4096,54,stage-checksum,detect-only,17,17304126 ns,16820335,72,0,72,0,0,147456,147456,303104,327680,327680
4096,54,stage-checksum,detect-only,18,17331416 ns,16844422,72,0,72,0,0,147456,147456,303104,327680,327680
4096,54,stage-checksum,detect-only,19,17304707 ns,16830666,72,0,72,0,0,147456,147456,303104,327680,327680
4096,54,stage-checksum,detect-only,20,17338500 ns,16856001,72,0,72,0,0,147456,147456,303104,327680,327680
4096,54,stage-checksum,detect-only,21,17394916 ns,16901666,72,0,72,0,0,147456,147456,303104,327680,327680
4096,54,stage-checksum,detect-only,22,18044416 ns,17544331,72,0,72,0,0,147456,147456,303104,327680,327680
4096,54,stage-checksum,detect-only,23,17368917 ns,16856957,72,0,72,0,0,147456,147456,303104,327680,327680
4096,54,stage-checksum,detect-only,24,17299957 ns,16821036,72,0,72,0,0,147456,147456,303104,327680,327680
4096,54,stage-checksum,detect-only,25,17331584 ns,16833211,72,0,72,0,0,147456,147456,303104,327680,327680
4096,54,stage-checksum,detect-only,26,17359581 ns,16858418,72,0,72,0,0,147456,147456,303104,327680,327680
4096,54,stage-checksum,detect-only,27,17332291 ns,16840501,72,0,72,0,0,147456,147456,303104,327680,327680
4096,54,stage-checksum,detect-only,28,17332458 ns,16838498,72,0,72,0,0,147456,147456,303104,327680,327680
4096,54,stage-checksum,detect-only,29,17307833 ns,16823668,72,0,72,0,0,147456,147456,303104,327680,327680
4096,54,stage-checksum,detect-only,30,17326624 ns,16839672,72,0,72,0,0,147456,147456,303104,327680,327680
4096,54,stage-checksum,recompute,1,17339374 ns,16856080,72,0,72,0,0,147456,147456,303104,327680,327680
4096,54,stage-checksum,recompute,2,17472793 ns,16953616,72,0,72,0,0,147456,147456,303104,327680,327680
4096,54,stage-checksum,recompute,3,18621168 ns,18091500,72,0,72,0,0,147456,147456,303104,327680,327680
4096,54,stage-checksum,recompute,4,17706040 ns,17231625,72,0,72,0,0,147456,147456,303104,327680,327680
4096,54,stage-checksum,recompute,5,17360750 ns,16872002,72,0,72,0,0,147456,147456,303104,327680,327680
4096,54,stage-checksum,recompute,6,17329833 ns,16827417,72,0,72,0,0,147456,147456,303104,327680,327680
4096,54,stage-checksum,recompute,7,18677251 ns,18166582,72,0,72,0,0,147456,147456,303104,327680,327680
4096,54,stage-checksum,recompute,8,17333041 ns,16844208,72,0,72,0,0,147456,147456,303104,327680,327680
4096,54,stage-checksum,recompute,9,17315334 ns,16841504,72,0,72,0,0,147456,147456,303104,327680,327680
4096,54,stage-checksum,recompute,10,17331292 ns,16841961,72,0,72,0,0,147456,147456,303104,327680,327680
4096,54,stage-checksum,recompute,11,17306541 ns,16828542,72,0,72,0,0,147456,147456,303104,327680,327680
4096,54,stage-checksum,recompute,12,17768833 ns,17268873,72,0,72,0,0,147456,147456,303104,327680,327680
4096,54,stage-checksum,recompute,13,17321416 ns,16840170,72,0,72,0,0,147456,147456,303104,327680,327680
4096,54,stage-checksum,recompute,14,17287459 ns,16800671,72,0,72,0,0,147456,147456,303104,327680,327680
4096,54,stage-checksum,recompute,15,17282625 ns,16801579,72,0,72,0,0,147456,147456,303104,327680,327680
4096,54,stage-checksum,recompute,16,17328834 ns,16844125,72,0,72,0,0,147456,147456,303104,327680,327680
4096,54,stage-checksum,recompute,17,17903625 ns,17421998,72,0,72,0,0,147456,147456,303104,327680,327680
4096,54,stage-checksum,recompute,18,17430499 ns,16944423,72,0,72,0,0,147456,147456,303104,327680,327680
4096,54,stage-checksum,recompute,19,17293707 ns,16814039,72,0,72,0,0,147456,147456,303104,327680,327680
4096,54,stage-checksum,recompute,20,17339084 ns,16846752,72,0,72,0,0,147456,147456,303104,327680,327680
4096,54,stage-checksum,recompute,21,17320083 ns,16843331,72,0,72,0,0,147456,147456,303104,327680,327680
4096,54,stage-checksum,recompute,22,17305084 ns,16818039,72,0,72,0,0,147456,147456,303104,327680,327680
4096,54,stage-checksum,recompute,23,17328040 ns,16848915,72,0,72,0,0,147456,147456,303104,327680,327680
4096,54,stage-checksum,recompute,24,17309292 ns,16799957,72,0,72,0,0,147456,147456,303104,327680,327680
4096,54,stage-checksum,recompute,25,17428834 ns,16930626,72,0,72,0,0,147456,147456,303104,327680,327680
4096,54,stage-checksum,recompute,26,17306958 ns,16826791,72,0,72,0,0,147456,147456,303104,327680,327680
4096,54,stage-checksum,recompute,27,17317835 ns,16838545,72,0,72,0,0,147456,147456,303104,327680,327680
4096,54,stage-checksum,recompute,28,17346790 ns,16843284,72,0,72,0,0,147456,147456,303104,327680,327680
4096,54,stage-checksum,recompute,29,17382626 ns,16891710,72,0,72,0,0,147456,147456,303104,327680,327680
4096,54,stage-checksum,recompute,30,17380877 ns,16881254,72,0,72,0,0,147456,147456,303104,327680,327680
8192,28,none,detect-only,1,27286709 ns,0,0,0,0,0,0,319488,319488,655360,704512,704512
8192,28,none,detect-only,2,27324459 ns,0,0,0,0,0,0,319488,319488,655360,704512,704512
8192,28,none,detect-only,3,27343082 ns,0,0,0,0,0,0,319488,319488,655360,704512,704512
8192,28,none,detect-only,4,27472458 ns,0,0,0,0,0,0,319488,319488,655360,704512,704512
8192,28,none,detect-only,5,27395834 ns,0,0,0,0,0,0,319488,319488,655360,704512,704512
8192,28,none,detect-only,6,27475249 ns,0,0,0,0,0,0,319488,319488,655360,704512,704512
8192,28,none,detect-only,7,27420127 ns,0,0,0,0,0,0,319488,319488,655360,704512,704512
8192,28,none,detect-only,8,27266792 ns,0,0,0,0,0,0,319488,319488,655360,704512,704512
8192,28,none,detect-only,9,27603917 ns,0,0,0,0,0,0,319488,319488,655360,704512,704512
8192,28,none,detect-only,10,27416333 ns,0,0,0,0,0,0,319488,319488,655360,704512,704512
8192,28,none,detect-only,11,27420000 ns,0,0,0,0,0,0,319488,319488,655360,704512,704512
8192,28,none,detect-only,12,27350041 ns,0,0,0,0,0,0,319488,319488,655360,704512,704512
8192,28,none,detect-only,13,30814291 ns,0,0,0,0,0,0,319488,319488,655360,704512,704512
8192,28,none,detect-only,14,27643875 ns,0,0,0,0,0,0,319488,319488,655360,704512,704512
8192,28,none,detect-only,15,27390626 ns,0,0,0,0,0,0,319488,319488,655360,704512,704512
8192,28,none,detect-only,16,27326375 ns,0,0,0,0,0,0,319488,319488,655360,704512,704512
8192,28,none,detect-only,17,27298501 ns,0,0,0,0,0,0,319488,319488,655360,704512,704512
8192,28,none,detect-only,18,28050043 ns,0,0,0,0,0,0,319488,319488,655360,704512,704512
8192,28,none,detect-only,19,27502664 ns,0,0,0,0,0,0,319488,319488,655360,704512,704512
8192,28,none,detect-only,20,27395791 ns,0,0,0,0,0,0,319488,319488,655360,704512,704512
8192,28,none,detect-only,21,27415583 ns,0,0,0,0,0,0,319488,319488,655360,704512,704512
8192,28,none,detect-only,22,27558584 ns,0,0,0,0,0,0,319488,319488,655360,704512,704512
8192,28,none,detect-only,23,27423459 ns,0,0,0,0,0,0,319488,319488,655360,704512,704512
8192,28,none,detect-only,24,28069915 ns,0,0,0,0,0,0,319488,319488,655360,704512,704512
8192,28,none,detect-only,25,27509874 ns,0,0,0,0,0,0,319488,319488,655360,704512,704512
8192,28,none,detect-only,26,27499125 ns,0,0,0,0,0,0,319488,319488,655360,704512,704512
8192,28,none,detect-only,27,27383374 ns,0,0,0,0,0,0,319488,319488,655360,704512,704512
8192,28,none,detect-only,28,27465499 ns,0,0,0,0,0,0,319488,319488,655360,704512,704512
8192,28,none,detect-only,29,27406666 ns,0,0,0,0,0,0,319488,319488,655360,704512,704512
8192,28,none,detect-only,30,27344626 ns,0,0,0,0,0,0,319488,319488,655360,704512,704512
8192,28,butterfly-check,detect-only,1,31514375 ns,30595705,319488,0,0,0,0,319488,319488,655360,704512,704512
8192,28,butterfly-check,detect-only,2,31370583 ns,30450125,319488,0,0,0,0,319488,319488,655360,704512,704512
8192,28,butterfly-check,detect-only,3,31413832 ns,30496374,319488,0,0,0,0,319488,319488,655360,704512,704512
8192,28,butterfly-check,detect-only,4,31318751 ns,30383958,319488,0,0,0,0,319488,319488,655360,704512,704512
8192,28,butterfly-check,detect-only,5,31339542 ns,30417208,319488,0,0,0,0,319488,319488,655360,704512,704512
8192,28,butterfly-check,detect-only,6,31474627 ns,30521792,319488,0,0,0,0,319488,319488,655360,704512,704512
8192,28,butterfly-check,detect-only,7,31349001 ns,30419628,319488,0,0,0,0,319488,319488,655360,704512,704512
8192,28,butterfly-check,detect-only,8,31196251 ns,30287087,319488,0,0,0,0,319488,319488,655360,704512,704512
8192,28,butterfly-check,detect-only,9,31314999 ns,30371201,319488,0,0,0,0,319488,319488,655360,704512,704512
8192,28,butterfly-check,detect-only,10,31296583 ns,30349837,319488,0,0,0,0,319488,319488,655360,704512,704512
8192,28,butterfly-check,detect-only,11,31344083 ns,30412915,319488,0,0,0,0,319488,319488,655360,704512,704512
8192,28,butterfly-check,detect-only,12,31463668 ns,30531337,319488,0,0,0,0,319488,319488,655360,704512,704512
8192,28,butterfly-check,detect-only,13,31331083 ns,30404963,319488,0,0,0,0,319488,319488,655360,704512,704512
8192,28,butterfly-check,detect-only,14,31280500 ns,30369466,319488,0,0,0,0,319488,319488,655360,704512,704512
8192,28,butterfly-check,detect-only,15,31289083 ns,30424710,319488,0,0,0,0,319488,319488,655360,704512,704512
8192,28,butterfly-check,detect-only,16,31451001 ns,30506585,319488,0,0,0,0,319488,319488,655360,704512,704512
8192,28,butterfly-check,detect-only,17,31430875 ns,30515123,319488,0,0,0,0,319488,319488,655360,704512,704512
8192,28,butterfly-check,detect-only,18,31391375 ns,30441211,319488,0,0,0,0,319488,319488,655360,704512,704512
8192,28,butterfly-check,detect-only,19,31347167 ns,30430164,319488,0,0,0,0,319488,319488,655360,704512,704512
8192,28,butterfly-check,detect-only,20,31319500 ns,30384964,319488,0,0,0,0,319488,319488,655360,704512,704512
8192,28,butterfly-check,detect-only,21,31279832 ns,30357121,319488,0,0,0,0,319488,319488,655360,704512,704512
8192,28,butterfly-check,detect-only,22,31304792 ns,30372832,319488,0,0,0,0,319488,319488,655360,704512,704512
8192,28,butterfly-check,detect-only,23,31284459 ns,30387627,319488,0,0,0,0,319488,319488,655360,704512,704512
8192,28,butterfly-check,detect-only,24,31386750 ns,30455626,319488,0,0,0,0,319488,319488,655360,704512,704512
8192,28,butterfly-check,detect-only,25,31407956 ns,30531503,319488,0,0,0,0,319488,319488,655360,704512,704512
8192,28,butterfly-check,detect-only,26,31418834 ns,30485704,319488,0,0,0,0,319488,319488,655360,704512,704512
8192,28,butterfly-check,detect-only,27,31382459 ns,30455412,319488,0,0,0,0,319488,319488,655360,704512,704512
8192,28,butterfly-check,detect-only,28,32106167 ns,31175074,319488,0,0,0,0,319488,319488,655360,704512,704512
8192,28,butterfly-check,detect-only,29,32509501 ns,31593706,319488,0,0,0,0,319488,319488,655360,704512,704512
8192,28,butterfly-check,detect-only,30,31406918 ns,30445912,319488,0,0,0,0,319488,319488,655360,704512,704512
8192,28,butterfly-check,recompute,1,31415375 ns,30462211,319488,0,0,0,0,319488,319488,655360,704512,704512
8192,28,butterfly-check,recompute,2,31496459 ns,30570623,319488,0,0,0,0,319488,319488,655360,704512,704512
8192,28,butterfly-check,recompute,3,32026582 ns,31121751,319488,0,0,0,0,319488,319488,655360,704512,704512
8192,28,butterfly-check,recompute,4,31307792 ns,30363588,319488,0,0,0,0,319488,319488,655360,704512,704512
8192,28,butterfly-check,recompute,5,32243460 ns,31321956,319488,0,0,0,0,319488,319488,655360,704512,704512
8192,28,butterfly-check,recompute,6,31661293 ns,30766166,319488,0,0,0,0,319488,319488,655360,704512,704512
8192,28,butterfly-check,recompute,7,31327791 ns,30457411,319488,0,0,0,0,319488,319488,655360,704512,704512
8192,28,butterfly-check,recompute,8,31940542 ns,30997835,319488,0,0,0,0,319488,319488,655360,704512,704512
8192,28,butterfly-check,recompute,9,32644791 ns,31729629,319488,0,0,0,0,319488,319488,655360,704512,704512
8192,28,butterfly-check,recompute,10,31472000 ns,30536878,319488,0,0,0,0,319488,319488,655360,704512,704512
8192,28,butterfly-check,recompute,11,31942916 ns,30968251,319488,0,0,0,0,319488,319488,655360,704512,704512
8192,28,butterfly-check,recompute,12,31445167 ns,30501002,319488,0,0,0,0,319488,319488,655360,704512,704512
8192,28,butterfly-check,recompute,13,31391834 ns,30438828,319488,0,0,0,0,319488,319488,655360,704512,704512
8192,28,butterfly-check,recompute,14,32146666 ns,31231919,319488,0,0,0,0,319488,319488,655360,704512,704512
8192,28,butterfly-check,recompute,15,31361167 ns,30446582,319488,0,0,0,0,319488,319488,655360,704512,704512
8192,28,butterfly-check,recompute,16,31921625 ns,31035456,319488,0,0,0,0,319488,319488,655360,704512,704512
8192,28,butterfly-check,recompute,17,32949667 ns,32003708,319488,0,0,0,0,319488,319488,655360,704512,704512
8192,28,butterfly-check,recompute,18,31447500 ns,30525204,319488,0,0,0,0,319488,319488,655360,704512,704512
8192,28,butterfly-check,recompute,19,31381291 ns,30420004,319488,0,0,0,0,319488,319488,655360,704512,704512
8192,28,butterfly-check,recompute,20,31625457 ns,30721996,319488,0,0,0,0,319488,319488,655360,704512,704512
8192,28,butterfly-check,recompute,21,32367708 ns,31491455,319488,0,0,0,0,319488,319488,655360,704512,704512
8192,28,butterfly-check,recompute,22,31481251 ns,30540836,319488,0,0,0,0,319488,319488,655360,704512,704512
8192,28,butterfly-check,recompute,23,31292999 ns,30426833,319488,0,0,0,0,319488,319488,655360,704512,704512
8192,28,butterfly-check,recompute,24,31473166 ns,30523923,319488,0,0,0,0,319488,319488,655360,704512,704512
8192,28,butterfly-check,recompute,25,31510251 ns,30594161,319488,0,0,0,0,319488,319488,655360,704512,704512
8192,28,butterfly-check,recompute,26,32259584 ns,31308209,319488,0,0,0,0,319488,319488,655360,704512,704512
8192,28,butterfly-check,recompute,27,31407415 ns,30466621,319488,0,0,0,0,319488,319488,655360,704512,704512
8192,28,butterfly-check,recompute,28,32315502 ns,31393289,319488,0,0,0,0,319488,319488,655360,704512,704512
8192,28,butterfly-check,recompute,29,31529792 ns,30576583,319488,0,0,0,0,319488,319488,655360,704512,704512
8192,28,butterfly-check,recompute,30,31417417 ns,30469961,319488,0,0,0,0,319488,319488,655360,704512,704512
8192,28,stage-checksum,detect-only,1,33529918 ns,32643959,78,0,78,0,0,319488,319488,655360,704512,704512
8192,28,stage-checksum,detect-only,2,33344749 ns,32399872,78,0,78,0,0,319488,319488,655360,704512,704512
8192,28,stage-checksum,detect-only,3,33410793 ns,32474576,78,0,78,0,0,319488,319488,655360,704512,704512
8192,28,stage-checksum,detect-only,4,34039334 ns,33116538,78,0,78,0,0,319488,319488,655360,704512,704512
8192,28,stage-checksum,detect-only,5,33433627 ns,32486378,78,0,78,0,0,319488,319488,655360,704512,704512
8192,28,stage-checksum,detect-only,6,33537290 ns,32431378,78,0,78,0,0,319488,319488,655360,704512,704512
8192,28,stage-checksum,detect-only,7,33614751 ns,32744456,78,0,78,0,0,319488,319488,655360,704512,704512
8192,28,stage-checksum,detect-only,8,33417250 ns,32462997,78,0,78,0,0,319488,319488,655360,704512,704512
8192,28,stage-checksum,detect-only,9,33300960 ns,32423006,78,0,78,0,0,319488,319488,655360,704512,704512
8192,28,stage-checksum,detect-only,10,33479084 ns,32538167,78,0,78,0,0,319488,319488,655360,704512,704512
8192,28,stage-checksum,detect-only,11,33320291 ns,32398792,78,0,78,0,0,319488,319488,655360,704512,704512
8192,28,stage-checksum,detect-only,12,35668707 ns,34726410,78,0,78,0,0,319488,319488,655360,704512,704512
8192,28,stage-checksum,detect-only,13,34562166 ns,33617533,78,0,78,0,0,319488,319488,655360,704512,704512
8192,28,stage-checksum,detect-only,14,33575499 ns,32683334,78,0,78,0,0,319488,319488,655360,704512,704512
8192,28,stage-checksum,detect-only,15,33317374 ns,32438296,78,0,78,0,0,319488,319488,655360,704512,704512
8192,28,stage-checksum,detect-only,16,33404585 ns,32533373,78,0,78,0,0,319488,319488,655360,704512,704512
8192,28,stage-checksum,detect-only,17,33342126 ns,32404751,78,0,78,0,0,319488,319488,655360,704512,704512
8192,28,stage-checksum,detect-only,18,33412834 ns,32464413,78,0,78,0,0,319488,319488,655360,704512,704512
8192,28,stage-checksum,detect-only,19,33277208 ns,32375837,78,0,78,0,0,319488,319488,655360,704512,704512
8192,28,stage-checksum,detect-only,20,33344875 ns,32415833,78,0,78,0,0,319488,319488,655360,704512,704512
8192,28,stage-checksum,detect-only,21,33519500 ns,32595459,78,0,78,0,0,319488,319488,655360,704512,704512
8192,28,stage-checksum,detect-only,22,33274750 ns,32368421,78,0,78,0,0,319488,319488,655360,704512,704512
8192,28,stage-checksum,detect-only,23,33323665 ns,32395417,78,0,78,0,0,319488,319488,655360,704512,704512
8192,28,stage-checksum,detect-only,24,33314043 ns,32434998,78,0,78,0,0,319488,319488,655360,704512,704512
8192,28,stage-checksum,detect-only,25,33483291 ns,32540623,78,0,78,0,0,319488,319488,655360,704512,704512
8192,28,stage-checksum,detect-only,26,33364668 ns,32464461,78,0,78,0,0,319488,319488,655360,704512,704512
8192,28,stage-checksum,detect-only,27,33409043 ns,32491460,78,0,78,0,0,319488,319488,655360,704512,704512
8192,28,stage-checksum,detect-only,28,33370000 ns,32426000,78,0,78,0,0,319488,319488,655360,704512,704512
8192,28,stage-checksum,detect-only,29,33432876 ns,32509789,78,0,78,0,0,319488,319488,655360,704512,704512
8192,28,stage-checksum,detect-only,30,34717250 ns,33777253,78,0,78,0,0,319488,319488,655360,704512,704512
8192,28,stage-checksum,recompute,1,33418999 ns,32489459,78,0,78,0,0,319488,319488,655360,704512,704512
8192,28,stage-checksum,recompute,2,33459334 ns,32519039,78,0,78,0,0,319488,319488,655360,704512,704512
8192,28,stage-checksum,recompute,3,33531125 ns,32593422,78,0,78,0,0,319488,319488,655360,704512,704512
8192,28,stage-checksum,recompute,4,33378376 ns,32414996,78,0,78,0,0,319488,319488,655360,704512,704512
8192,28,stage-checksum,recompute,5,33372292 ns,32429119,78,0,78,0,0,319488,319488,655360,704512,704512
8192,28,stage-checksum,recompute,6,33424375 ns,32489499,78,0,78,0,0,319488,319488,655360,704512,704512
8192,28,stage-checksum,recompute,7,33269625 ns,32363250,78,0,78,0,0,319488,319488,655360,704512,704512
8192,28,stage-checksum,recompute,8,33425582 ns,32487375,78,0,78,0,0,319488,319488,655360,704512,704512
8192,28,stage-checksum,recompute,9,34010042 ns,33116296,78,0,78,0,0,319488,319488,655360,704512,704512
8192,28,stage-checksum,recompute,10,33444207 ns,32500629,78,0,78,0,0,319488,319488,655360,704512,704512
8192,28,stage-checksum,recompute,11,33427208 ns,32490160,78,0,78,0,0,319488,319488,655360,704512,704512
8192,28,stage-checksum,recompute,12,33327209 ns,32427338,78,0,78,0,0,319488,319488,655360,704512,704512
8192,28,stage-checksum,recompute,13,33336375 ns,32412416,78,0,78,0,0,319488,319488,655360,704512,704512
8192,28,stage-checksum,recompute,14,33403710 ns,32459165,78,0,78,0,0,319488,319488,655360,704512,704512
8192,28,stage-checksum,recompute,15,33390999 ns,32480958,78,0,78,0,0,319488,319488,655360,704512,704512
8192,28,stage-checksum,recompute,16,33405500 ns,32485584,78,0,78,0,0,319488,319488,655360,704512,704512
8192,28,stage-checksum,recompute,17,34166086 ns,33217626,78,0,78,0,0,319488,319488,655360,704512,704512
8192,28,stage-checksum,recompute,18,33569042 ns,32651209,78,0,78,0,0,319488,319488,655360,704512,704512
8192,28,stage-checksum,recompute,19,42470581 ns,41301043,78,0,78,0,0,319488,319488,655360,704512,704512
8192,28,stage-checksum,recompute,20,33414333 ns,32452376,78,0,78,0,0,319488,319488,655360,704512,704512
8192,28,stage-checksum,recompute,21,33696584 ns,32709332,78,0,78,0,0,319488,319488,655360,704512,704512
8192,28,stage-checksum,recompute,22,33295667 ns,32426954,78,0,78,0,0,319488,319488,655360,704512,704512
8192,28,stage-checksum,recompute,23,33573498 ns,32642876,78,0,78,0,0,319488,319488,655360,704512,704512
8192,28,stage-checksum,recompute,24,34039917 ns,33143752,78,0,78,0,0,319488,319488,655360,704512,704512
8192,28,stage-checksum,recompute,25,33328999 ns,32414798,78,0,78,0,0,319488,319488,655360,704512,704512
8192,28,stage-checksum,recompute,26,33923041 ns,32953835,78,0,78,0,0,319488,319488,655360,704512,704512
8192,28,stage-checksum,recompute,27,33423042 ns,32497626,78,0,78,0,0,319488,319488,655360,704512,704512
8192,28,stage-checksum,recompute,28,33286208 ns,32412670,78,0,78,0,0,319488,319488,655360,704512,704512
8192,28,stage-checksum,recompute,29,33421250 ns,32508875,78,0,78,0,0,319488,319488,655360,704512,704512
8192,28,stage-checksum,recompute,30,33328125 ns,32402631,78,0,78,0,0,319488,319488,655360,704512,704512
8192,54,none,detect-only,1,31555625 ns,0,0,0,0,0,0,319488,319488,655360,704512,704512
8192,54,none,detect-only,2,31467376 ns,0,0,0,0,0,0,319488,319488,655360,704512,704512
8192,54,none,detect-only,3,31472707 ns,0,0,0,0,0,0,319488,319488,655360,704512,704512
8192,54,none,detect-only,4,31471417 ns,0,0,0,0,0,0,319488,319488,655360,704512,704512
8192,54,none,detect-only,5,31380002 ns,0,0,0,0,0,0,319488,319488,655360,704512,704512
8192,54,none,detect-only,6,33758334 ns,0,0,0,0,0,0,319488,319488,655360,704512,704512
8192,54,none,detect-only,7,31575918 ns,0,0,0,0,0,0,319488,319488,655360,704512,704512
8192,54,none,detect-only,8,31498999 ns,0,0,0,0,0,0,319488,319488,655360,704512,704512
8192,54,none,detect-only,9,31542999 ns,0,0,0,0,0,0,319488,319488,655360,704512,704512
8192,54,none,detect-only,10,31239041 ns,0,0,0,0,0,0,319488,319488,655360,704512,704512
8192,54,none,detect-only,11,31621373 ns,0,0,0,0,0,0,319488,319488,655360,704512,704512
8192,54,none,detect-only,12,31632125 ns,0,0,0,0,0,0,319488,319488,655360,704512,704512
8192,54,none,detect-only,13,31593666 ns,0,0,0,0,0,0,319488,319488,655360,704512,704512
8192,54,none,detect-only,14,31533459 ns,0,0,0,0,0,0,319488,319488,655360,704512,704512
8192,54,none,detect-only,15,31594917 ns,0,0,0,0,0,0,319488,319488,655360,704512,704512
8192,54,none,detect-only,16,31964710 ns,0,0,0,0,0,0,319488,319488,655360,704512,704512
8192,54,none,detect-only,17,31430208 ns,0,0,0,0,0,0,319488,319488,655360,704512,704512
8192,54,none,detect-only,18,31518541 ns,0,0,0,0,0,0,319488,319488,655360,704512,704512
8192,54,none,detect-only,19,31536417 ns,0,0,0,0,0,0,319488,319488,655360,704512,704512
8192,54,none,detect-only,20,31576625 ns,0,0,0,0,0,0,319488,319488,655360,704512,704512
8192,54,none,detect-only,21,32768209 ns,0,0,0,0,0,0,319488,319488,655360,704512,704512
8192,54,none,detect-only,22,31564873 ns,0,0,0,0,0,0,319488,319488,655360,704512,704512
8192,54,none,detect-only,23,31562125 ns,0,0,0,0,0,0,319488,319488,655360,704512,704512
8192,54,none,detect-only,24,31591165 ns,0,0,0,0,0,0,319488,319488,655360,704512,704512
8192,54,none,detect-only,25,34004000 ns,0,0,0,0,0,0,319488,319488,655360,704512,704512
8192,54,none,detect-only,26,31576832 ns,0,0,0,0,0,0,319488,319488,655360,704512,704512
8192,54,none,detect-only,27,31557874 ns,0,0,0,0,0,0,319488,319488,655360,704512,704512
8192,54,none,detect-only,28,31595999 ns,0,0,0,0,0,0,319488,319488,655360,704512,704512
8192,54,none,detect-only,29,31537002 ns,0,0,0,0,0,0,319488,319488,655360,704512,704512
8192,54,none,detect-only,30,31406542 ns,0,0,0,0,0,0,319488,319488,655360,704512,704512
8192,54,butterfly-check,detect-only,1,36031541 ns,35024584,319488,0,0,0,0,319488,319488,655360,704512,704512
8192,54,butterfly-check,detect-only,2,35684791 ns,34664789,319488,0,0,0,0,319488,319488,655360,704512,704512
8192,54,butterfly-check,detect-only,3,35621708 ns,34611999,319488,0,0,0,0,319488,319488,655360,704512,704512
8192,54,butterfly-check,detect-only,4,35541875 ns,34556538,319488,0,0,0,0,319488,319488,655360,704512,704512
8192,54,butterfly-check,detect-only,5,35615709 ns,34618288,319488,0,0,0,0,319488,319488,655360,704512,704512
8192,54,butterfly-check,detect-only,6,35705794 ns,34704665,319488,0,0,0,0,319488,319488,655360,704512,704512
8192,54,butterfly-check,detect-only,7,35682123 ns,34653502,319488,0,0,0,0,319488,319488,655360,704512,704512
8192,54,butterfly-check,detect-only,8,36573959 ns,35541118,319488,0,0,0,0,319488,319488,655360,704512,704512
8192,54,butterfly-check,detect-only,9,35587124 ns,34589423,319488,0,0,0,0,319488,319488,655360,704512,704512
8192,54,butterfly-check,detect-only,10,35528584 ns,34526922,319488,0,0,0,0,319488,319488,655360,704512,704512
8192,54,butterfly-check,detect-only,11,35699331 ns,34679876,319488,0,0,0,0,319488,319488,655360,704512,704512
8192,54,butterfly-check,detect-only,12,35666251 ns,34648038,319488,0,0,0,0,319488,319488,655360,704512,704512
8192,54,butterfly-check,detect-only,13,35532167 ns,34569749,319488,0,0,0,0,319488,319488,655360,704512,704512
8192,54,butterfly-check,detect-only,14,35576708 ns,34577043,319488,0,0,0,0,319488,319488,655360,704512,704512
8192,54,butterfly-check,detect-only,15,35635667 ns,34702835,319488,0,0,0,0,319488,319488,655360,704512,704512
8192,54,butterfly-check,detect-only,16,35701416 ns,34719209,319488,0,0,0,0,319488,319488,655360,704512,704512
8192,54,butterfly-check,detect-only,17,35362665 ns,34357709,319488,0,0,0,0,319488,319488,655360,704512,704512
8192,54,butterfly-check,detect-only,18,35587210 ns,34597123,319488,0,0,0,0,319488,319488,655360,704512,704512
8192,54,butterfly-check,detect-only,19,35439418 ns,34458542,319488,0,0,0,0,319488,319488,655360,704512,704512
8192,54,butterfly-check,detect-only,20,35843042 ns,34842955,319488,0,0,0,0,319488,319488,655360,704512,704512
8192,54,butterfly-check,detect-only,21,35412541 ns,34419585,319488,0,0,0,0,319488,319488,655360,704512,704512
8192,54,butterfly-check,detect-only,22,35380958 ns,34410038,319488,0,0,0,0,319488,319488,655360,704512,704512
8192,54,butterfly-check,detect-only,23,35687750 ns,34693995,319488,0,0,0,0,319488,319488,655360,704512,704512
8192,54,butterfly-check,detect-only,24,35576292 ns,34598081,319488,0,0,0,0,319488,319488,655360,704512,704512
8192,54,butterfly-check,detect-only,25,36535000 ns,35535505,319488,0,0,0,0,319488,319488,655360,704512,704512
8192,54,butterfly-check,detect-only,26,35465625 ns,34480622,319488,0,0,0,0,319488,319488,655360,704512,704512
8192,54,butterfly-check,detect-only,27,35591709 ns,34649796,319488,0,0,0,0,319488,319488,655360,704512,704512
8192,54,butterfly-check,detect-only,28,35587793 ns,34603254,319488,0,0,0,0,319488,319488,655360,704512,704512
8192,54,butterfly-check,detect-only,29,35431416 ns,34426830,319488,0,0,0,0,319488,319488,655360,704512,704512
8192,54,butterfly-check,detect-only,30,35601084 ns,34611498,319488,0,0,0,0,319488,319488,655360,704512,704512
8192,54,butterfly-check,recompute,1,35527209 ns,34548544,319488,0,0,0,0,319488,319488,655360,704512,704512
8192,54,butterfly-check,recompute,2,35350375 ns,34373872,319488,0,0,0,0,319488,319488,655360,704512,704512
8192,54,butterfly-check,recompute,3,35565833 ns,34593379,319488,0,0,0,0,319488,319488,655360,704512,704512
8192,54,butterfly-check,recompute,4,35592041 ns,34584209,319488,0,0,0,0,319488,319488,655360,704512,704512
8192,54,butterfly-check,recompute,5,35609294 ns,34629545,319488,0,0,0,0,319488,319488,655360,704512,704512
8192,54,butterfly-check,recompute,6,35512167 ns,34516993,319488,0,0,0,0,319488,319488,655360,704512,704512
8192,54,butterfly-check,recompute,7,35588959 ns,34610161,319488,0,0,0,0,319488,319488,655360,704512,704512
8192,54,butterfly-check,recompute,8,35406542 ns,34413832,319488,0,0,0,0,319488,319488,655360,704512,704512
8192,54,butterfly-check,recompute,9,35652499 ns,34674128,319488,0,0,0,0,319488,319488,655360,704512,704512
8192,54,butterfly-check,recompute,10,35585626 ns,34599330,319488,0,0,0,0,319488,319488,655360,704512,704512
8192,54,butterfly-check,recompute,11,35565085 ns,34638580,319488,0,0,0,0,319488,319488,655360,704512,704512
8192,54,butterfly-check,recompute,12,35779959 ns,34766296,319488,0,0,0,0,319488,319488,655360,704512,704512
8192,54,butterfly-check,recompute,13,35399709 ns,34405875,319488,0,0,0,0,319488,319488,655360,704512,704512
8192,54,butterfly-check,recompute,14,35519918 ns,34541293,319488,0,0,0,0,319488,319488,655360,704512,704512
8192,54,butterfly-check,recompute,15,35595792 ns,34600789,319488,0,0,0,0,319488,319488,655360,704512,704512
8192,54,butterfly-check,recompute,16,35585625 ns,34593748,319488,0,0,0,0,319488,319488,655360,704512,704512
8192,54,butterfly-check,recompute,17,35475668 ns,34478960,319488,0,0,0,0,319488,319488,655360,704512,704512
8192,54,butterfly-check,recompute,18,35701667 ns,34682120,319488,0,0,0,0,319488,319488,655360,704512,704512
8192,54,butterfly-check,recompute,19,80441667 ns,78313091,319488,0,0,0,0,319488,319488,655360,704512,704512
8192,54,butterfly-check,recompute,20,35533707 ns,34567420,319488,0,0,0,0,319488,319488,655360,704512,704512
8192,54,butterfly-check,recompute,21,35616750 ns,34632293,319488,0,0,0,0,319488,319488,655360,704512,704512
8192,54,butterfly-check,recompute,22,35564001 ns,34562210,319488,0,0,0,0,319488,319488,655360,704512,704512
8192,54,butterfly-check,recompute,23,35311916 ns,34330417,319488,0,0,0,0,319488,319488,655360,704512,704512
8192,54,butterfly-check,recompute,24,35675543 ns,34663997,319488,0,0,0,0,319488,319488,655360,704512,704512
8192,54,butterfly-check,recompute,25,35611291 ns,34612497,319488,0,0,0,0,319488,319488,655360,704512,704512
8192,54,butterfly-check,recompute,26,35604543 ns,34579840,319488,0,0,0,0,319488,319488,655360,704512,704512
8192,54,butterfly-check,recompute,27,35514124 ns,34517756,319488,0,0,0,0,319488,319488,655360,704512,704512
8192,54,butterfly-check,recompute,28,35714750 ns,34689748,319488,0,0,0,0,319488,319488,655360,704512,704512
8192,54,butterfly-check,recompute,29,35552375 ns,34576540,319488,0,0,0,0,319488,319488,655360,704512,704512
8192,54,butterfly-check,recompute,30,35549416 ns,34550584,319488,0,0,0,0,319488,319488,655360,704512,704512
8192,54,stage-checksum,detect-only,1,37411625 ns,36418871,78,0,78,0,0,319488,319488,655360,704512,704512
8192,54,stage-checksum,detect-only,2,37424166 ns,36424502,78,0,78,0,0,319488,319488,655360,704512,704512
8192,54,stage-checksum,detect-only,3,37414332 ns,36423706,78,0,78,0,0,319488,319488,655360,704512,704512
8192,54,stage-checksum,detect-only,4,37380084 ns,36394959,78,0,78,0,0,319488,319488,655360,704512,704512
8192,54,stage-checksum,detect-only,5,37515000 ns,36500959,78,0,78,0,0,319488,319488,655360,704512,704512
8192,54,stage-checksum,detect-only,6,37472832 ns,36488331,78,0,78,0,0,319488,319488,655360,704512,704512
8192,54,stage-checksum,detect-only,7,37394126 ns,36395495,78,0,78,0,0,319488,319488,655360,704512,704512
8192,54,stage-checksum,detect-only,8,37517375 ns,36525293,78,0,78,0,0,319488,319488,655360,704512,704512
8192,54,stage-checksum,detect-only,9,37412832 ns,36425620,78,0,78,0,0,319488,319488,655360,704512,704512
8192,54,stage-checksum,detect-only,10,37454208 ns,36451124,78,0,78,0,0,319488,319488,655360,704512,704512
8192,54,stage-checksum,detect-only,11,37432293 ns,36429793,78,0,78,0,0,319488,319488,655360,704512,704512
8192,54,stage-checksum,detect-only,12,37371166 ns,36375296,78,0,78,0,0,319488,319488,655360,704512,704512
8192,54,stage-checksum,detect-only,13,37435667 ns,36434045,78,0,78,0,0,319488,319488,655360,704512,704512
8192,54,stage-checksum,detect-only,14,37377500 ns,36400580,78,0,78,0,0,319488,319488,655360,704512,704512
8192,54,stage-checksum,detect-only,15,37435876 ns,36459248,78,0,78,0,0,319488,319488,655360,704512,704512
8192,54,stage-checksum,detect-only,16,38431416 ns,37386832,78,0,78,0,0,319488,319488,655360,704512,704512
8192,54,stage-checksum,detect-only,17,37433376 ns,36448452,78,0,78,0,0,319488,319488,655360,704512,704512
8192,54,stage-checksum,detect-only,18,37350958 ns,36369165,78,0,78,0,0,319488,319488,655360,704512,704512
8192,54,stage-checksum,detect-only,19,37442500 ns,36437327,78,0,78,0,0,319488,319488,655360,704512,704512
8192,54,stage-checksum,detect-only,20,37388416 ns,36393413,78,0,78,0,0,319488,319488,655360,704512,704512
8192,54,stage-checksum,detect-only,21,37338042 ns,36341048,78,0,78,0,0,319488,319488,655360,704512,704512
8192,54,stage-checksum,detect-only,22,37495123 ns,36480003,78,0,78,0,0,319488,319488,655360,704512,704512
8192,54,stage-checksum,detect-only,23,37409206 ns,36424878,78,0,78,0,0,319488,319488,655360,704512,704512
8192,54,stage-checksum,detect-only,24,37513499 ns,36508407,78,0,78,0,0,319488,319488,655360,704512,704512
8192,54,stage-checksum,detect-only,25,37416918 ns,36407666,78,0,78,0,0,319488,319488,655360,704512,704512
8192,54,stage-checksum,detect-only,26,37512459 ns,36509168,78,0,78,0,0,319488,319488,655360,704512,704512
8192,54,stage-checksum,detect-only,27,37459626 ns,36523250,78,0,78,0,0,319488,319488,655360,704512,704512
8192,54,stage-checksum,detect-only,28,37467249 ns,36459747,78,0,78,0,0,319488,319488,655360,704512,704512
8192,54,stage-checksum,detect-only,29,37380209 ns,36375874,78,0,78,0,0,319488,319488,655360,704512,704512
8192,54,stage-checksum,detect-only,30,37531583 ns,36510252,78,0,78,0,0,319488,319488,655360,704512,704512
8192,54,stage-checksum,recompute,1,37423000 ns,36418753,78,0,78,0,0,319488,319488,655360,704512,704512
8192,54,stage-checksum,recompute,2,37382833 ns,36408793,78,0,78,0,0,319488,319488,655360,704512,704512
8192,54,stage-checksum,recompute,3,37314042 ns,36329664,78,0,78,0,0,319488,319488,655360,704512,704512
8192,54,stage-checksum,recompute,4,37529376 ns,36540835,78,0,78,0,0,319488,319488,655360,704512,704512
8192,54,stage-checksum,recompute,5,37474418 ns,36465294,78,0,78,0,0,319488,319488,655360,704512,704512
8192,54,stage-checksum,recompute,6,37328333 ns,36348041,78,0,78,0,0,319488,319488,655360,704512,704512
8192,54,stage-checksum,recompute,7,37488291 ns,36484583,78,0,78,0,0,319488,319488,655360,704512,704512
8192,54,stage-checksum,recompute,8,37405501 ns,36424333,78,0,78,0,0,319488,319488,655360,704512,704512
8192,54,stage-checksum,recompute,9,37598166 ns,36573753,78,0,78,0,0,319488,319488,655360,704512,704512
8192,54,stage-checksum,recompute,10,37455126 ns,36468961,78,0,78,0,0,319488,319488,655360,704512,704512
8192,54,stage-checksum,recompute,11,38391376 ns,37354204,78,0,78,0,0,319488,319488,655360,704512,704512
8192,54,stage-checksum,recompute,12,37439876 ns,36432456,78,0,78,0,0,319488,319488,655360,704512,704512
8192,54,stage-checksum,recompute,13,37500875 ns,36491211,78,0,78,0,0,319488,319488,655360,704512,704512
8192,54,stage-checksum,recompute,14,39097958 ns,38049790,78,0,78,0,0,319488,319488,655360,704512,704512
8192,54,stage-checksum,recompute,15,37302418 ns,36366080,78,0,78,0,0,319488,319488,655360,704512,704512
8192,54,stage-checksum,recompute,16,37457250 ns,36443879,78,0,78,0,0,319488,319488,655360,704512,704512
8192,54,stage-checksum,recompute,17,37356667 ns,36362038,78,0,78,0,0,319488,319488,655360,704512,704512
8192,54,stage-checksum,recompute,18,37354209 ns,36371753,78,0,78,0,0,319488,319488,655360,704512,704512
8192,54,stage-checksum,recompute,19,37429418 ns,36427954,78,0,78,0,0,319488,319488,655360,704512,704512
8192,54,stage-checksum,recompute,20,37356458 ns,36384750,78,0,78,0,0,319488,319488,655360,704512,704512
8192,54,stage-checksum,recompute,21,37519625 ns,36510461,78,0,78,0,0,319488,319488,655360,704512,704512
8192,54,stage-checksum,recompute,22,37422374 ns,36429251,78,0,78,0,0,319488,319488,655360,704512,704512
8192,54,stage-checksum,recompute,23,37420624 ns,36440997,78,0,78,0,0,319488,319488,655360,704512,704512
8192,54,stage-checksum,recompute,24,40393000 ns,39338829,78,0,78,0,0,319488,319488,655360,704512,704512
8192,54,stage-checksum,recompute,25,37442165 ns,36448705,78,0,78,0,0,319488,319488,655360,704512,704512
8192,54,stage-checksum,recompute,26,37481749 ns,36457291,78,0,78,0,0,319488,319488,655360,704512,704512
8192,54,stage-checksum,recompute,27,37798624 ns,36784833,78,0,78,0,0,319488,319488,655360,704512,704512
8192,54,stage-checksum,recompute,28,37481918 ns,36474625,78,0,78,0,0,319488,319488,655360,704512,704512
8192,54,stage-checksum,recompute,29,37425417 ns,36445301,78,0,78,0,0,319488,319488,655360,704512,704512
8192,54,stage-checksum,recompute,30,37482374 ns,36499795,78,0,78,0,0,319488,319488,655360,704512,704512
16384,28,none,detect-only,1,60882500 ns,0,0,0,0,0,0,688128,688128,1409024,1507328,1507328
16384,28,none,detect-only,2,58617000 ns,0,0,0,0,0,0,688128,688128,1409024,1507328,1507328
16384,28,none,detect-only,3,56907165 ns,0,0,0,0,0,0,688128,688128,1409024,1507328,1507328
16384,28,none,detect-only,4,58735917 ns,0,0,0,0,0,0,688128,688128,1409024,1507328,1507328
16384,28,none,detect-only,5,59134793 ns,0,0,0,0,0,0,688128,688128,1409024,1507328,1507328
16384,28,none,detect-only,6,58672667 ns,0,0,0,0,0,0,688128,688128,1409024,1507328,1507328
16384,28,none,detect-only,7,61324958 ns,0,0,0,0,0,0,688128,688128,1409024,1507328,1507328
16384,28,none,detect-only,8,58822168 ns,0,0,0,0,0,0,688128,688128,1409024,1507328,1507328
16384,28,none,detect-only,9,58793084 ns,0,0,0,0,0,0,688128,688128,1409024,1507328,1507328
16384,28,none,detect-only,10,61159501 ns,0,0,0,0,0,0,688128,688128,1409024,1507328,1507328
16384,28,none,detect-only,11,58738916 ns,0,0,0,0,0,0,688128,688128,1409024,1507328,1507328
16384,28,none,detect-only,12,58862336 ns,0,0,0,0,0,0,688128,688128,1409024,1507328,1507328
16384,28,none,detect-only,13,58796832 ns,0,0,0,0,0,0,688128,688128,1409024,1507328,1507328
16384,28,none,detect-only,14,58913501 ns,0,0,0,0,0,0,688128,688128,1409024,1507328,1507328
16384,28,none,detect-only,15,58765959 ns,0,0,0,0,0,0,688128,688128,1409024,1507328,1507328
16384,28,none,detect-only,16,58933668 ns,0,0,0,0,0,0,688128,688128,1409024,1507328,1507328
16384,28,none,detect-only,17,60479376 ns,0,0,0,0,0,0,688128,688128,1409024,1507328,1507328
16384,28,none,detect-only,18,58619500 ns,0,0,0,0,0,0,688128,688128,1409024,1507328,1507328
16384,28,none,detect-only,19,58841582 ns,0,0,0,0,0,0,688128,688128,1409024,1507328,1507328
16384,28,none,detect-only,20,60367085 ns,0,0,0,0,0,0,688128,688128,1409024,1507328,1507328
16384,28,none,detect-only,21,58849791 ns,0,0,0,0,0,0,688128,688128,1409024,1507328,1507328
16384,28,none,detect-only,22,58796916 ns,0,0,0,0,0,0,688128,688128,1409024,1507328,1507328
16384,28,none,detect-only,23,58867708 ns,0,0,0,0,0,0,688128,688128,1409024,1507328,1507328
16384,28,none,detect-only,24,58866916 ns,0,0,0,0,0,0,688128,688128,1409024,1507328,1507328
16384,28,none,detect-only,25,58859208 ns,0,0,0,0,0,0,688128,688128,1409024,1507328,1507328
16384,28,none,detect-only,26,58811501 ns,0,0,0,0,0,0,688128,688128,1409024,1507328,1507328
16384,28,none,detect-only,27,59048625 ns,0,0,0,0,0,0,688128,688128,1409024,1507328,1507328
16384,28,none,detect-only,28,58796583 ns,0,0,0,0,0,0,688128,688128,1409024,1507328,1507328
16384,28,none,detect-only,29,58867668 ns,0,0,0,0,0,0,688128,688128,1409024,1507328,1507328
16384,28,none,detect-only,30,61459667 ns,0,0,0,0,0,0,688128,688128,1409024,1507328,1507328
16384,28,butterfly-check,detect-only,1,67486125 ns,65610502,688128,0,0,0,0,688128,688128,1409024,1507328,1507328
16384,28,butterfly-check,detect-only,2,67212209 ns,65346911,688128,0,0,0,0,688128,688128,1409024,1507328,1507328
16384,28,butterfly-check,detect-only,3,67223623 ns,65353913,688128,0,0,0,0,688128,688128,1409024,1507328,1507328
16384,28,butterfly-check,detect-only,4,67243000 ns,65361998,688128,0,0,0,0,688128,688128,1409024,1507328,1507328
16384,28,butterfly-check,detect-only,5,67151916 ns,65277715,688128,0,0,0,0,688128,688128,1409024,1507328,1507328
16384,28,butterfly-check,detect-only,6,67260291 ns,65394082,688128,0,0,0,0,688128,688128,1409024,1507328,1507328
16384,28,butterfly-check,detect-only,7,67132709 ns,65276208,688128,0,0,0,0,688128,688128,1409024,1507328,1507328
16384,28,butterfly-check,detect-only,8,67253916 ns,65350794,688128,0,0,0,0,688128,688128,1409024,1507328,1507328
16384,28,butterfly-check,detect-only,9,67186750 ns,65325794,688128,0,0,0,0,688128,688128,1409024,1507328,1507328
16384,28,butterfly-check,detect-only,10,70083376 ns,68127414,688128,0,0,0,0,688128,688128,1409024,1507328,1507328
16384,28,butterfly-check,detect-only,11,67286667 ns,65410041,688128,0,0,0,0,688128,688128,1409024,1507328,1507328
16384,28,butterfly-check,detect-only,12,67203543 ns,65303836,688128,0,0,0,0,688128,688128,1409024,1507328,1507328
16384,28,butterfly-check,detect-only,13,67413667 ns,65548164,688128,0,0,0,0,688128,688128,1409024,1507328,1507328
16384,28,butterfly-check,detect-only,14,67333918 ns,65432335,688128,0,0,0,0,688128,688128,1409024,1507328,1507328
16384,28,butterfly-check,detect-only,15,67224709 ns,65343875,688128,0,0,0,0,688128,688128,1409024,1507328,1507328
16384,28,butterfly-check,detect-only,16,67442792 ns,65559040,688128,0,0,0,0,688128,688128,1409024,1507328,1507328
16384,28,butterfly-check,detect-only,17,67460082 ns,65526793,688128,0,0,0,0,688128,688128,1409024,1507328,1507328
16384,28,butterfly-check,detect-only,18,67588168 ns,65655248,688128,0,0,0,0,688128,688128,1409024,1507328,1507328
16384,28,butterfly-check,detect-only,19,67530207 ns,65634499,688128,0,0,0,0,688128,688128,1409024,1507328,1507328
16384,28,butterfly-check,detect-only,20,67302375 ns,65533209,688128,0,0,0,0,688128,688128,1409024,1507328,1507328
16384,28,butterfly-check,detect-only,21,67335875 ns,65435124,688128,0,0,0,0,688128,688128,1409024,1507328,1507328
16384,28,butterfly-check,detect-only,22,67316541 ns,65435408,688128,0,0,0,0,688128,688128,1409024,1507328,1507328
16384,28,butterfly-check,detect-only,23,67400042 ns,65504875,688128,0,0,0,0,688128,688128,1409024,1507328,1507328
16384,28,butterfly-check,detect-only,24,67461918 ns,65594626,688128,0,0,0,0,688128,688128,1409024,1507328,1507328
16384,28,butterfly-check,detect-only,25,67375208 ns,65502876,688128,0,0,0,0,688128,688128,1409024,1507328,1507328
16384,28,butterfly-check,detect-only,26,67366167 ns,65488503,688128,0,0,0,0,688128,688128,1409024,1507328,1507328
16384,28,butterfly-check,detect-only,27,67388707 ns,65513040,688128,0,0,0,0,688128,688128,1409024,1507328,1507328
16384,28,butterfly-check,detect-only,28,67389874 ns,65414286,688128,0,0,0,0,688128,688128,1409024,1507328,1507328
16384,28,butterfly-check,detect-only,29,67280209 ns,65370414,688128,0,0,0,0,688128,688128,1409024,1507328,1507328
16384,28,butterfly-check,detect-only,30,67250501 ns,65407168,688128,0,0,0,0,688128,688128,1409024,1507328,1507328
16384,28,butterfly-check,recompute,1,67341540 ns,65462331,688128,0,0,0,0,688128,688128,1409024,1507328,1507328
16384,28,butterfly-check,recompute,2,67371294 ns,65465165,688128,0,0,0,0,688128,688128,1409024,1507328,1507328
16384,28,butterfly-check,recompute,3,67402501 ns,65506663,688128,0,0,0,0,688128,688128,1409024,1507328,1507328
16384,28,butterfly-check,recompute,4,67178000 ns,65364626,688128,0,0,0,0,688128,688128,1409024,1507328,1507328
16384,28,butterfly-check,recompute,5,73924249 ns,71888247,688128,0,0,0,0,688128,688128,1409024,1507328,1507328
16384,28,butterfly-check,recompute,6,67698541 ns,65859829,688128,0,0,0,0,688128,688128,1409024,1507328,1507328
16384,28,butterfly-check,recompute,7,67496208 ns,65613130,688128,0,0,0,0,688128,688128,1409024,1507328,1507328
16384,28,butterfly-check,recompute,8,67235499 ns,65379040,688128,0,0,0,0,688128,688128,1409024,1507328,1507328
16384,28,butterfly-check,recompute,9,67322207 ns,65420661,688128,0,0,0,0,688128,688128,1409024,1507328,1507328
16384,28,butterfly-check,recompute,10,67404959 ns,65526456,688128,0,0,0,0,688128,688128,1409024,1507328,1507328
16384,28,butterfly-check,recompute,11,67308458 ns,65427627,688128,0,0,0,0,688128,688128,1409024,1507328,1507328
16384,28,butterfly-check,recompute,12,67459168 ns,65562916,688128,0,0,0,0,688128,688128,1409024,1507328,1507328
16384,28,butterfly-check,recompute,13,67352125 ns,65460837,688128,0,0,0,0,688128,688128,1409024,1507328,1507328
16384,28,butterfly-check,recompute,14,67351875 ns,65448707,688128,0,0,0,0,688128,688128,1409024,1507328,1507328
16384,28,butterfly-check,recompute,15,67135041 ns,65245043,688128,0,0,0,0,688128,688128,1409024,1507328,1507328
16384,28,butterfly-check,recompute,16,67428085 ns,65537920,688128,0,0,0,0,688128,688128,1409024,1507328,1507328
16384,28,butterfly-check,recompute,17,67418374 ns,65507076,688128,0,0,0,0,688128,688128,1409024,1507328,1507328
16384,28,butterfly-check,recompute,18,67367541 ns,65482710,688128,0,0,0,0,688128,688128,1409024,1507328,1507328
16384,28,butterfly-check,recompute,19,67232000 ns,65344627,688128,0,0,0,0,688128,688128,1409024,1507328,1507328
16384,28,butterfly-check,recompute,20,67313707 ns,65428748,688128,0,0,0,0,688128,688128,1409024,1507328,1507328
16384,28,butterfly-check,recompute,21,67164458 ns,65313914,688128,0,0,0,0,688128,688128,1409024,1507328,1507328
16384,28,butterfly-check,recompute,22,67300584 ns,65437750,688128,0,0,0,0,688128,688128,1409024,1507328,1507328
16384,28,butterfly-check,recompute,23,67554249 ns,65793329,688128,0,0,0,0,688128,688128,1409024,1507328,1507328
16384,28,butterfly-check,recompute,24,67196790 ns,65324496,688128,0,0,0,0,688128,688128,1409024,1507328,1507328
16384,28,butterfly-check,recompute,25,67189126 ns,65346751,688128,0,0,0,0,688128,688128,1409024,1507328,1507328
16384,28,butterfly-check,recompute,26,67364499 ns,65524331,688128,0,0,0,0,688128,688128,1409024,1507328,1507328
16384,28,butterfly-check,recompute,27,67435624 ns,65554502,688128,0,0,0,0,688128,688128,1409024,1507328,1507328
16384,28,butterfly-check,recompute,28,75074417 ns,73017168,688128,0,0,0,0,688128,688128,1409024,1507328,1507328
16384,28,butterfly-check,recompute,29,67442792 ns,65530128,688128,0,0,0,0,688128,688128,1409024,1507328,1507328
16384,28,butterfly-check,recompute,30,67265916 ns,65390872,688128,0,0,0,0,688128,688128,1409024,1507328,1507328
16384,28,stage-checksum,detect-only,1,71678709 ns,69809792,84,0,84,0,0,688128,688128,1409024,1507328,1507328
16384,28,stage-checksum,detect-only,2,68812540 ns,67021456,84,0,84,0,0,688128,688128,1409024,1507328,1507328
16384,28,stage-checksum,detect-only,3,71163375 ns,69281588,84,0,84,0,0,688128,688128,1409024,1507328,1507328
16384,28,stage-checksum,detect-only,4,71723084 ns,69832585,84,0,84,0,0,688128,688128,1409024,1507328,1507328
16384,28,stage-checksum,detect-only,5,71547749 ns,69666665,84,0,84,0,0,688128,688128,1409024,1507328,1507328
16384,28,stage-checksum,detect-only,6,71630624 ns,69748332,84,0,84,0,0,688128,688128,1409024,1507328,1507328
16384,28,stage-checksum,detect-only,7,71654792 ns,69787920,84,0,84,0,0,688128,688128,1409024,1507328,1507328
16384,28,stage-checksum,detect-only,8,71741872 ns,69868206,84,0,84,0,0,688128,688128,1409024,1507328,1507328
16384,28,stage-checksum,detect-only,9,71529832 ns,69656668,84,0,84,0,0,688128,688128,1409024,1507328,1507328
16384,28,stage-checksum,detect-only,10,71582750 ns,69718494,84,0,84,0,0,688128,688128,1409024,1507328,1507328
16384,28,stage-checksum,detect-only,11,71892874 ns,70005087,84,0,84,0,0,688128,688128,1409024,1507328,1507328
16384,28,stage-checksum,detect-only,12,71579875 ns,69706465,84,0,84,0,0,688128,688128,1409024,1507328,1507328
16384,28,stage-checksum,detect-only,13,71763625 ns,69892549,84,0,84,0,0,688128,688128,1409024,1507328,1507328
16384,28,stage-checksum,detect-only,14,71722999 ns,69856121,84,0,84,0,0,688128,688128,1409024,1507328,1507328
16384,28,stage-checksum,detect-only,15,71675500 ns,69810831,84,0,84,0,0,688128,688128,1409024,1507328,1507328
16384,28,stage-checksum,detect-only,16,71646709 ns,69742875,84,0,84,0,0,688128,688128,1409024,1507328,1507328
16384,28,stage-checksum,detect-only,17,71633209 ns,69754004,84,0,84,0,0,688128,688128,1409024,1507328,1507328
16384,28,stage-checksum,detect-only,18,71674459 ns,69809046,84,0,84,0,0,688128,688128,1409024,1507328,1507328
16384,28,stage-checksum,detect-only,19,71690168 ns,69868333,84,0,84,0,0,688128,688128,1409024,1507328,1507328
16384,28,stage-checksum,detect-only,20,71717500 ns,69812623,84,0,84,0,0,688128,688128,1409024,1507328,1507328
16384,28,stage-checksum,detect-only,21,71675334 ns,69773666,84,0,84,0,0,688128,688128,1409024,1507328,1507328
16384,28,stage-checksum,detect-only,22,71632001 ns,69751495,84,0,84,0,0,688128,688128,1409024,1507328,1507328
16384,28,stage-checksum,detect-only,23,71737708 ns,69874661,84,0,84,0,0,688128,688128,1409024,1507328,1507328
16384,28,stage-checksum,detect-only,24,73665209 ns,71701376,84,0,84,0,0,688128,688128,1409024,1507328,1507328
16384,28,stage-checksum,detect-only,25,71895166 ns,70028160,84,0,84,0,0,688128,688128,1409024,1507328,1507328
16384,28,stage-checksum,detect-only,26,71603166 ns,69706082,84,0,84,0,0,688128,688128,1409024,1507328,1507328
16384,28,stage-checksum,detect-only,27,71592082 ns,69728040,84,0,84,0,0,688128,688128,1409024,1507328,1507328
16384,28,stage-checksum,detect-only,28,71699583 ns,69819999,84,0,84,0,0,688128,688128,1409024,1507328,1507328
16384,28,stage-checksum,detect-only,29,71792418 ns,69929673,84,0,84,0,0,688128,688128,1409024,1507328,1507328
16384,28,stage-checksum,detect-only,30,71724625 ns,69844795,84,0,84,0,0,688128,688128,1409024,1507328,1507328
16384,28,stage-checksum,recompute,1,71685958 ns,69764085,84,0,84,0,0,688128,688128,1409024,1507328,1507328
16384,28,stage-checksum,recompute,2,71575083 ns,69685541,84,0,84,0,0,688128,688128,1409024,1507328,1507328
16384,28,stage-checksum,recompute,3,71591583 ns,69712622,84,0,84,0,0,688128,688128,1409024,1507328,1507328
16384,28,stage-checksum,recompute,4,71825044 ns,69940919,84,0,84,0,0,688128,688128,1409024,1507328,1507328
16384,28,stage-checksum,recompute,5,71709583 ns,69849907,84,0,84,0,0,688128,688128,1409024,1507328,1507328
16384,28,stage-checksum,recompute,6,71680208 ns,69801918,84,0,84,0,0,688128,688128,1409024,1507328,1507328
16384,28,stage-checksum,recompute,7,71678043 ns,69783962,84,0,84,0,0,688128,688128,1409024,1507328,1507328
16384,28,stage-checksum,recompute,8,71699458 ns,69805876,84,0,84,0,0,688128,688128,1409024,1507328,1507328
16384,28,stage-checksum,recompute,9,72842000 ns,70960295,84,0,84,0,0,688128,688128,1409024,1507328,1507328
16384,28,stage-checksum,recompute,10,71756002 ns,69886291,84,0,84,0,0,688128,688128,1409024,1507328,1507328
16384,28,stage-checksum,recompute,11,71632541 ns,69748451,84,0,84,0,0,688128,688128,1409024,1507328,1507328
16384,28,stage-checksum,recompute,12,72708290 ns,70836039,84,0,84,0,0,688128,688128,1409024,1507328,1507328
16384,28,stage-checksum,recompute,13,71725917 ns,69852539,84,0,84,0,0,688128,688128,1409024,1507328,1507328
16384,28,stage-checksum,recompute,14,71550209 ns,69705131,84,0,84,0,0,688128,688128,1409024,1507328,1507328
16384,28,stage-checksum,recompute,15,75729499 ns,73838044,84,0,84,0,0,688128,688128,1409024,1507328,1507328
16384,28,stage-checksum,recompute,16,71832331 ns,69953961,84,0,84,0,0,688128,688128,1409024,1507328,1507328
16384,28,stage-checksum,recompute,17,71607210 ns,69707712,84,0,84,0,0,688128,688128,1409024,1507328,1507328
16384,28,stage-checksum,recompute,18,71611043 ns,69720296,84,0,84,0,0,688128,688128,1409024,1507328,1507328
16384,28,stage-checksum,recompute,19,71831709 ns,69956324,84,0,84,0,0,688128,688128,1409024,1507328,1507328
16384,28,stage-checksum,recompute,20,71621167 ns,69753115,84,0,84,0,0,688128,688128,1409024,1507328,1507328
16384,28,stage-checksum,recompute,21,71601125 ns,69727840,84,0,84,0,0,688128,688128,1409024,1507328,1507328
16384,28,stage-checksum,recompute,22,71730666 ns,69832463,84,0,84,0,0,688128,688128,1409024,1507328,1507328
16384,28,stage-checksum,recompute,23,71663958 ns,69776369,84,0,84,0,0,688128,688128,1409024,1507328,1507328
16384,28,stage-checksum,recompute,24,71629376 ns,69762797,84,0,84,0,0,688128,688128,1409024,1507328,1507328
16384,28,stage-checksum,recompute,25,71660043 ns,69773711,84,0,84,0,0,688128,688128,1409024,1507328,1507328
16384,28,stage-checksum,recompute,26,71646540 ns,69783207,84,0,84,0,0,688128,688128,1409024,1507328,1507328
16384,28,stage-checksum,recompute,27,71625832 ns,69739538,84,0,84,0,0,688128,688128,1409024,1507328,1507328
16384,28,stage-checksum,recompute,28,71681791 ns,69791673,84,0,84,0,0,688128,688128,1409024,1507328,1507328
16384,28,stage-checksum,recompute,29,71685666 ns,69813328,84,0,84,0,0,688128,688128,1409024,1507328,1507328
16384,28,stage-checksum,recompute,30,71633250 ns,69768369,84,0,84,0,0,688128,688128,1409024,1507328,1507328
16384,54,none,detect-only,1,67761998 ns,0,0,0,0,0,0,688128,688128,1409024,1507328,1507328
16384,54,none,detect-only,2,67807458 ns,0,0,0,0,0,0,688128,688128,1409024,1507328,1507328
16384,54,none,detect-only,3,67772375 ns,0,0,0,0,0,0,688128,688128,1409024,1507328,1507328
16384,54,none,detect-only,4,67481291 ns,0,0,0,0,0,0,688128,688128,1409024,1507328,1507328
16384,54,none,detect-only,5,68960124 ns,0,0,0,0,0,0,688128,688128,1409024,1507328,1507328
16384,54,none,detect-only,6,67775582 ns,0,0,0,0,0,0,688128,688128,1409024,1507328,1507328
16384,54,none,detect-only,7,67567792 ns,0,0,0,0,0,0,688128,688128,1409024,1507328,1507328
16384,54,none,detect-only,8,67677833 ns,0,0,0,0,0,0,688128,688128,1409024,1507328,1507328
16384,54,none,detect-only,9,67851876 ns,0,0,0,0,0,0,688128,688128,1409024,1507328,1507328
16384,54,none,detect-only,10,67754124 ns,0,0,0,0,0,0,688128,688128,1409024,1507328,1507328
16384,54,none,detect-only,11,67515290 ns,0,0,0,0,0,0,688128,688128,1409024,1507328,1507328
16384,54,none,detect-only,12,67666542 ns,0,0,0,0,0,0,688128,688128,1409024,1507328,1507328
16384,54,none,detect-only,13,67648709 ns,0,0,0,0,0,0,688128,688128,1409024,1507328,1507328
16384,54,none,detect-only,14,67699375 ns,0,0,0,0,0,0,688128,688128,1409024,1507328,1507328
16384,54,none,detect-only,15,67682957 ns,0,0,0,0,0,0,688128,688128,1409024,1507328,1507328
16384,54,none,detect-only,16,67844749 ns,0,0,0,0,0,0,688128,688128,1409024,1507328,1507328
16384,54,none,detect-only,17,68554668 ns,0,0,0,0,0,0,688128,688128,1409024,1507328,1507328
16384,54,none,detect-only,18,67609126 ns,0,0,0,0,0,0,688128,688128,1409024,1507328,1507328
16384,54,none,detect-only,19,67777791 ns,0,0,0,0,0,0,688128,688128,1409024,1507328,1507328
16384,54,none,detect-only,20,67721917 ns,0,0,0,0,0,0,688128,688128,1409024,1507328,1507328
16384,54,none,detect-only,21,67785834 ns,0,0,0,0,0,0,688128,688128,1409024,1507328,1507328
16384,54,none,detect-only,22,67741750 ns,0,0,0,0,0,0,688128,688128,1409024,1507328,1507328
16384,54,none,detect-only,23,69817833 ns,0,0,0,0,0,0,688128,688128,1409024,1507328,1507328
16384,54,none,detect-only,24,67765916 ns,0,0,0,0,0,0,688128,688128,1409024,1507328,1507328
16384,54,none,detect-only,25,67859501 ns,0,0,0,0,0,0,688128,688128,1409024,1507328,1507328
16384,54,none,detect-only,26,67628373 ns,0,0,0,0,0,0,688128,688128,1409024,1507328,1507328
16384,54,none,detect-only,27,67644958 ns,0,0,0,0,0,0,688128,688128,1409024,1507328,1507328
16384,54,none,detect-only,28,67897125 ns,0,0,0,0,0,0,688128,688128,1409024,1507328,1507328
16384,54,none,detect-only,29,67757207 ns,0,0,0,0,0,0,688128,688128,1409024,1507328,1507328
16384,54,none,detect-only,30,67497666 ns,0,0,0,0,0,0,688128,688128,1409024,1507328,1507328
16384,54,butterfly-check,detect-only,1,73887708 ns,71984914,688128,0,0,0,0,688128,688128,1409024,1507328,1507328
16384,54,butterfly-check,detect-only,2,76781584 ns,74730545,688128,0,0,0,0,688128,688128,1409024,1507328,1507328
16384,54,butterfly-check,detect-only,3,76397668 ns,74402546,688128,0,0,0,0,688128,688128,1409024,1507328,1507328
16384,54,butterfly-check,detect-only,4,76687625 ns,74685746,688128,0,0,0,0,688128,688128,1409024,1507328,1507328
16384,54,butterfly-check,detect-only,5,78547375 ns,76478372,688128,0,0,0,0,688128,688128,1409024,1507328,1507328
16384,54,butterfly-check,detect-only,6,76706123 ns,74695083,688128,0,0,0,0,688128,688128,1409024,1507328,1507328
16384,54,butterfly-check,detect-only,7,76452500 ns,74405373,688128,0,0,0,0,688128,688128,1409024,1507328,1507328
16384,54,butterfly-check,detect-only,8,79683582 ns,77599665,688128,0,0,0,0,688128,688128,1409024,1507328,1507328
16384,54,butterfly-check,detect-only,9,76549375 ns,74550085,688128,0,0,0,0,688128,688128,1409024,1507328,1507328
16384,54,butterfly-check,detect-only,10,76582959 ns,74558296,688128,0,0,0,0,688128,688128,1409024,1507328,1507328
16384,54,butterfly-check,detect-only,11,76527916 ns,74481874,688128,0,0,0,0,688128,688128,1409024,1507328,1507328
16384,54,butterfly-check,detect-only,12,76709375 ns,74689161,688128,0,0,0,0,688128,688128,1409024,1507328,1507328
16384,54,butterfly-check,detect-only,13,76280541 ns,74268996,688128,0,0,0,0,688128,688128,1409024,1507328,1507328
16384,54,butterfly-check,detect-only,14,76460710 ns,74450209,688128,0,0,0,0,688128,688128,1409024,1507328,1507328
16384,54,butterfly-check,detect-only,15,81999418 ns,80022830,688128,0,0,0,0,688128,688128,1409024,1507328,1507328
16384,54,butterfly-check,detect-only,16,76665917 ns,74644413,688128,0,0,0,0,688128,688128,1409024,1507328,1507328
16384,54,butterfly-check,detect-only,17,76585585 ns,74580338,688128,0,0,0,0,688128,688128,1409024,1507328,1507328
16384,54,butterfly-check,detect-only,18,79725166 ns,77638454,688128,0,0,0,0,688128,688128,1409024,1507328,1507328
16384,54,butterfly-check,detect-only,19,76608708 ns,74607378,688128,0,0,0,0,688128,688128,1409024,1507328,1507328
16384,54,butterfly-check,detect-only,20,76615914 ns,74613587,688128,0,0,0,0,688128,688128,1409024,1507328,1507328
16384,54,butterfly-check,detect-only,21,76635876 ns,74626043,688128,0,0,0,0,688128,688128,1409024,1507328,1507328
16384,54,butterfly-check,detect-only,22,76503000 ns,74494247,688128,0,0,0,0,688128,688128,1409024,1507328,1507328
16384,54,butterfly-check,detect-only,23,76566125 ns,74537664,688128,0,0,0,0,688128,688128,1409024,1507328,1507328
16384,54,butterfly-check,detect-only,24,76560126 ns,74558337,688128,0,0,0,0,688128,688128,1409024,1507328,1507328
16384,54,butterfly-check,detect-only,25,79690709 ns,77591416,688128,0,0,0,0,688128,688128,1409024,1507328,1507328
16384,54,butterfly-check,detect-only,26,76574290 ns,74559080,688128,0,0,0,0,688128,688128,1409024,1507328,1507328
16384,54,butterfly-check,detect-only,27,76673917 ns,74643295,688128,0,0,0,0,688128,688128,1409024,1507328,1507328
16384,54,butterfly-check,detect-only,28,76750416 ns,74746999,688128,0,0,0,0,688128,688128,1409024,1507328,1507328
16384,54,butterfly-check,detect-only,29,76749249 ns,74725376,688128,0,0,0,0,688128,688128,1409024,1507328,1507328
16384,54,butterfly-check,detect-only,30,76613541 ns,74611166,688128,0,0,0,0,688128,688128,1409024,1507328,1507328
16384,54,butterfly-check,recompute,1,76520749 ns,74548412,688128,0,0,0,0,688128,688128,1409024,1507328,1507328
16384,54,butterfly-check,recompute,2,76652500 ns,74649079,688128,0,0,0,0,688128,688128,1409024,1507328,1507328
16384,54,butterfly-check,recompute,3,76871002 ns,74816252,688128,0,0,0,0,688128,688128,1409024,1507328,1507328
16384,54,butterfly-check,recompute,4,76762500 ns,74689379,688128,0,0,0,0,688128,688128,1409024,1507328,1507328
16384,54,butterfly-check,recompute,5,76572293 ns,74583792,688128,0,0,0,0,688128,688128,1409024,1507328,1507328
16384,54,butterfly-check,recompute,6,76616626 ns,74601706,688128,0,0,0,0,688128,688128,1409024,1507328,1507328
16384,54,butterfly-check,recompute,7,76471209 ns,74463086,688128,0,0,0,0,688128,688128,1409024,1507328,1507328
16384,54,butterfly-check,recompute,8,76286583 ns,74292752,688128,0,0,0,0,688128,688128,1409024,1507328,1507328
16384,54,butterfly-check,recompute,9,76933833 ns,74882959,688128,0,0,0,0,688128,688128,1409024,1507328,1507328
16384,54,butterfly-check,recompute,10,76670042 ns,74675421,688128,0,0,0,0,688128,688128,1409024,1507328,1507328
16384,54,butterfly-check,recompute,11,76767293 ns,74715296,688128,0,0,0,0,688128,688128,1409024,1507328,1507328
16384,54,butterfly-check,recompute,12,76217251 ns,74233873,688128,0,0,0,0,688128,688128,1409024,1507328,1507328
16384,54,butterfly-check,recompute,13,76597248 ns,74595666,688128,0,0,0,0,688128,688128,1409024,1507328,1507328
16384,54,butterfly-check,recompute,14,76723332 ns,74689748,688128,0,0,0,0,688128,688128,1409024,1507328,1507328
16384,54,butterfly-check,recompute,15,80068834 ns,77957372,688128,0,0,0,0,688128,688128,1409024,1507328,1507328
16384,54,butterfly-check,recompute,16,76703874 ns,74696165,688128,0,0,0,0,688128,688128,1409024,1507328,1507328
16384,54,butterfly-check,recompute,17,76667208 ns,74721503,688128,0,0,0,0,688128,688128,1409024,1507328,1507328
16384,54,butterfly-check,recompute,18,76690001 ns,74689747,688128,0,0,0,0,688128,688128,1409024,1507328,1507328
16384,54,butterfly-check,recompute,19,76246540 ns,74234375,688128,0,0,0,0,688128,688128,1409024,1507328,1507328
16384,54,butterfly-check,recompute,20,75982083 ns,73978912,688128,0,0,0,0,688128,688128,1409024,1507328,1507328
16384,54,butterfly-check,recompute,21,76914457 ns,74837710,688128,0,0,0,0,688128,688128,1409024,1507328,1507328
16384,54,butterfly-check,recompute,22,76607583 ns,74597207,688128,0,0,0,0,688128,688128,1409024,1507328,1507328
16384,54,butterfly-check,recompute,23,76735000 ns,74685373,688128,0,0,0,0,688128,688128,1409024,1507328,1507328
16384,54,butterfly-check,recompute,24,76564584 ns,74532707,688128,0,0,0,0,688128,688128,1409024,1507328,1507328
16384,54,butterfly-check,recompute,25,76746168 ns,74734753,688128,0,0,0,0,688128,688128,1409024,1507328,1507328
16384,54,butterfly-check,recompute,26,76767082 ns,74733282,688128,0,0,0,0,688128,688128,1409024,1507328,1507328
16384,54,butterfly-check,recompute,27,82116040 ns,80050578,688128,0,0,0,0,688128,688128,1409024,1507328,1507328
16384,54,butterfly-check,recompute,28,76750958 ns,74714456,688128,0,0,0,0,688128,688128,1409024,1507328,1507328
16384,54,butterfly-check,recompute,29,76557624 ns,74569246,688128,0,0,0,0,688128,688128,1409024,1507328,1507328
16384,54,butterfly-check,recompute,30,76620249 ns,74598958,688128,0,0,0,0,688128,688128,1409024,1507328,1507328
16384,54,stage-checksum,detect-only,1,80707208 ns,78685040,84,0,84,0,0,688128,688128,1409024,1507328,1507328
16384,54,stage-checksum,detect-only,2,80503375 ns,78489622,84,0,84,0,0,688128,688128,1409024,1507328,1507328
16384,54,stage-checksum,detect-only,3,80619793 ns,78596000,84,0,84,0,0,688128,688128,1409024,1507328,1507328
16384,54,stage-checksum,detect-only,4,80637499 ns,78622414,84,0,84,0,0,688128,688128,1409024,1507328,1507328
16384,54,stage-checksum,detect-only,5,81387833 ns,79470413,84,0,84,0,0,688128,688128,1409024,1507328,1507328
16384,54,stage-checksum,detect-only,6,80568875 ns,78577205,84,0,84,0,0,688128,688128,1409024,1507328,1507328
16384,54,stage-checksum,detect-only,7,80725834 ns,78720005,84,0,84,0,0,688128,688128,1409024,1507328,1507328
16384,54,stage-checksum,detect-only,8,80614500 ns,78594869,84,0,84,0,0,688128,688128,1409024,1507328,1507328
16384,54,stage-checksum,detect-only,9,80529710 ns,78495580,84,0,84,0,0,688128,688128,1409024,1507328,1507328
16384,54,stage-checksum,detect-only,10,80456999 ns,78458415,84,0,84,0,0,688128,688128,1409024,1507328,1507328
16384,54,stage-checksum,detect-only,11,80710917 ns,78677500,84,0,84,0,0,688128,688128,1409024,1507328,1507328
16384,54,stage-checksum,detect-only,12,80680875 ns,78656876,84,0,84,0,0,688128,688128,1409024,1507328,1507328
16384,54,stage-checksum,detect-only,13,80570626 ns,78546748,84,0,84,0,0,688128,688128,1409024,1507328,1507328
16384,54,stage-checksum,detect-only,14,80605918 ns,78562129,84,0,84,0,0,688128,688128,1409024,1507328,1507328
16384,54,stage-checksum,detect-only,15,80586374 ns,78564670,84,0,84,0,0,688128,688128,1409024,1507328,1507328
16384,54,stage-checksum,detect-only,16,80637958 ns,78599623,84,0,84,0,0,688128,688128,1409024,1507328,1507328
16384,54,stage-checksum,detect-only,17,80643791 ns,78602087,84,0,84,0,0,688128,688128,1409024,1507328,1507328
16384,54,stage-checksum,detect-only,18,80674292 ns,78633417,84,0,84,0,0,688128,688128,1409024,1507328,1507328
16384,54,stage-checksum,detect-only,19,83653667 ns,81566785,84,0,84,0,0,688128,688128,1409024,1507328,1507328
16384,54,stage-checksum,detect-only,20,80553082 ns,78548253,84,0,84,0,0,688128,688128,1409024,1507328,1507328
16384,54,stage-checksum,detect-only,21,80568292 ns,78581087,84,0,84,0,0,688128,688128,1409024,1507328,1507328
16384,54,stage-checksum,detect-only,22,80578291 ns,78591997,84,0,84,0,0,688128,688128,1409024,1507328,1507328
16384,54,stage-checksum,detect-only,23,80439668 ns,78537583,84,0,84,0,0,688128,688128,1409024,1507328,1507328
16384,54,stage-checksum,detect-only,24,80591542 ns,78585378,84,0,84,0,0,688128,688128,1409024,1507328,1507328
16384,54,stage-checksum,detect-only,25,81651332 ns,79559165,84,0,84,0,0,688128,688128,1409024,1507328,1507328
16384,54,stage-checksum,detect-only,26,80520792 ns,78494371,84,0,84,0,0,688128,688128,1409024,1507328,1507328
16384,54,stage-checksum,detect-only,27,80765748 ns,78762874,84,0,84,0,0,688128,688128,1409024,1507328,1507328
16384,54,stage-checksum,detect-only,28,80742292 ns,78723125,84,0,84,0,0,688128,688128,1409024,1507328,1507328
16384,54,stage-checksum,detect-only,29,80768208 ns,78762958,84,0,84,0,0,688128,688128,1409024,1507328,1507328
16384,54,stage-checksum,detect-only,30,80428542 ns,78437083,84,0,84,0,0,688128,688128,1409024,1507328,1507328
16384,54,stage-checksum,recompute,1,80817083 ns,78824793,84,0,84,0,0,688128,688128,1409024,1507328,1507328
16384,54,stage-checksum,recompute,2,83750293 ns,81638082,84,0,84,0,0,688128,688128,1409024,1507328,1507328
16384,54,stage-checksum,recompute,3,80702293 ns,78672503,84,0,84,0,0,688128,688128,1409024,1507328,1507328
16384,54,stage-checksum,recompute,4,80484666 ns,78491083,84,0,84,0,0,688128,688128,1409024,1507328,1507328
16384,54,stage-checksum,recompute,5,80546081 ns,78504120,84,0,84,0,0,688128,688128,1409024,1507328,1507328
16384,54,stage-checksum,recompute,6,80551918 ns,78540672,84,0,84,0,0,688128,688128,1409024,1507328,1507328
16384,54,stage-checksum,recompute,7,80394501 ns,78404461,84,0,84,0,0,688128,688128,1409024,1507328,1507328
16384,54,stage-checksum,recompute,8,80616124 ns,78586545,84,0,84,0,0,688128,688128,1409024,1507328,1507328
16384,54,stage-checksum,recompute,9,80471085 ns,78452790,84,0,84,0,0,688128,688128,1409024,1507328,1507328
16384,54,stage-checksum,recompute,10,80596833 ns,78576832,84,0,84,0,0,688128,688128,1409024,1507328,1507328
16384,54,stage-checksum,recompute,11,80570291 ns,78538120,84,0,84,0,0,688128,688128,1409024,1507328,1507328
16384,54,stage-checksum,recompute,12,80573000 ns,78554786,84,0,84,0,0,688128,688128,1409024,1507328,1507328
16384,54,stage-checksum,recompute,13,80569834 ns,78557505,84,0,84,0,0,688128,688128,1409024,1507328,1507328
16384,54,stage-checksum,recompute,14,80558707 ns,78571922,84,0,84,0,0,688128,688128,1409024,1507328,1507328
16384,54,stage-checksum,recompute,15,80541500 ns,78515377,84,0,84,0,0,688128,688128,1409024,1507328,1507328
16384,54,stage-checksum,recompute,16,80602917 ns,78552205,84,0,84,0,0,688128,688128,1409024,1507328,1507328
16384,54,stage-checksum,recompute,17,80706582 ns,78706543,84,0,84,0,0,688128,688128,1409024,1507328,1507328
16384,54,stage-checksum,recompute,18,80609166 ns,78609124,84,0,84,0,0,688128,688128,1409024,1507328,1507328
16384,54,stage-checksum,recompute,19,80567876 ns,78572794,84,0,84,0,0,688128,688128,1409024,1507328,1507328
16384,54,stage-checksum,recompute,20,80643583 ns,78603124,84,0,84,0,0,688128,688128,1409024,1507328,1507328
16384,54,stage-checksum,recompute,21,80755792 ns,78759916,84,0,84,0,0,688128,688128,1409024,1507328,1507328
16384,54,stage-checksum,recompute,22,80751917 ns,78758542,84,0,84,0,0,688128,688128,1409024,1507328,1507328
16384,54,stage-checksum,recompute,23,80475331 ns,78467913,84,0,84,0,0,688128,688128,1409024,1507328,1507328
16384,54,stage-checksum,recompute,24,80483208 ns,78455049,84,0,84,0,0,688128,688128,1409024,1507328,1507328
16384,54,stage-checksum,recompute,25,80604126 ns,78594585,84,0,84,0,0,688128,688128,1409024,1507328,1507328
16384,54,stage-checksum,recompute,26,80730208 ns,78729253,84,0,84,0,0,688128,688128,1409024,1507328,1507328
16384,54,stage-checksum,recompute,27,80712959 ns,78719209,84,0,84,0,0,688128,688128,1409024,1507328,1507328
16384,54,stage-checksum,recompute,28,80649791 ns,78600884,84,0,84,0,0,688128,688128,1409024,1507328,1507328
16384,54,stage-checksum,recompute,29,80647625 ns,78647454,84,0,84,0,0,688128,688128,1409024,1507328,1507328
16384,54,stage-checksum,recompute,30,80607668 ns,78584083,84,0,84,0,0,688128,688128,1409024,1507328,1507328
32768,28,none,detect-only,1,126580209 ns,0,0,0,0,0,0,1474560,1474560,3014656,3211264,3211264
32768,28,none,detect-only,2,126008249 ns,0,0,0,0,0,0,1474560,1474560,3014656,3211264,3211264
32768,28,none,detect-only,3,126155000 ns,0,0,0,0,0,0,1474560,1474560,3014656,3211264,3211264
32768,28,none,detect-only,4,126372167 ns,0,0,0,0,0,0,1474560,1474560,3014656,3211264,3211264
32768,28,none,detect-only,5,126019542 ns,0,0,0,0,0,0,1474560,1474560,3014656,3211264,3211264
32768,28,none,detect-only,6,126118749 ns,0,0,0,0,0,0,1474560,1474560,3014656,3211264,3211264
32768,28,none,detect-only,7,126049292 ns,0,0,0,0,0,0,1474560,1474560,3014656,3211264,3211264
32768,28,none,detect-only,8,126035999 ns,0,0,0,0,0,0,1474560,1474560,3014656,3211264,3211264
32768,28,none,detect-only,9,126439085 ns,0,0,0,0,0,0,1474560,1474560,3014656,3211264,3211264
32768,28,none,detect-only,10,126421667 ns,0,0,0,0,0,0,1474560,1474560,3014656,3211264,3211264
32768,28,none,detect-only,11,125975624 ns,0,0,0,0,0,0,1474560,1474560,3014656,3211264,3211264
32768,28,none,detect-only,12,126018458 ns,0,0,0,0,0,0,1474560,1474560,3014656,3211264,3211264
32768,28,none,detect-only,13,126072250 ns,0,0,0,0,0,0,1474560,1474560,3014656,3211264,3211264
32768,28,none,detect-only,14,125897001 ns,0,0,0,0,0,0,1474560,1474560,3014656,3211264,3211264
32768,28,none,detect-only,15,126049999 ns,0,0,0,0,0,0,1474560,1474560,3014656,3211264,3211264
32768,28,none,detect-only,16,126070834 ns,0,0,0,0,0,0,1474560,1474560,3014656,3211264,3211264
32768,28,none,detect-only,17,126272124 ns,0,0,0,0,0,0,1474560,1474560,3014656,3211264,3211264
32768,28,none,detect-only,18,126886457 ns,0,0,0,0,0,0,1474560,1474560,3014656,3211264,3211264
32768,28,none,detect-only,19,125933418 ns,0,0,0,0,0,0,1474560,1474560,3014656,3211264,3211264
32768,28,none,detect-only,20,125912000 ns,0,0,0,0,0,0,1474560,1474560,3014656,3211264,3211264
32768,28,none,detect-only,21,126257374 ns,0,0,0,0,0,0,1474560,1474560,3014656,3211264,3211264
32768,28,none,detect-only,22,126348707 ns,0,0,0,0,0,0,1474560,1474560,3014656,3211264,3211264
32768,28,none,detect-only,23,126006291 ns,0,0,0,0,0,0,1474560,1474560,3014656,3211264,3211264
32768,28,none,detect-only,24,126053749 ns,0,0,0,0,0,0,1474560,1474560,3014656,3211264,3211264
32768,28,none,detect-only,25,126313583 ns,0,0,0,0,0,0,1474560,1474560,3014656,3211264,3211264
32768,28,none,detect-only,26,126089001 ns,0,0,0,0,0,0,1474560,1474560,3014656,3211264,3211264
32768,28,none,detect-only,27,126024748 ns,0,0,0,0,0,0,1474560,1474560,3014656,3211264,3211264
32768,28,none,detect-only,28,126610207 ns,0,0,0,0,0,0,1474560,1474560,3014656,3211264,3211264
32768,28,none,detect-only,29,126271918 ns,0,0,0,0,0,0,1474560,1474560,3014656,3211264,3211264
32768,28,none,detect-only,30,126156585 ns,0,0,0,0,0,0,1474560,1474560,3014656,3211264,3211264
32768,28,butterfly-check,detect-only,1,144395624 ns,140508122,1474560,0,0,0,0,1474560,1474560,3014656,3211264,3211264
32768,28,butterfly-check,detect-only,2,144158875 ns,140295284,1474560,0,0,0,0,1474560,1474560,3014656,3211264,3211264
32768,28,butterfly-check,detect-only,3,143282292 ns,139476040,1474560,0,0,0,0,1474560,1474560,3014656,3211264,3211264
32768,28,butterfly-check,detect-only,4,144456000 ns,140661750,1474560,0,0,0,0,1474560,1474560,3014656,3211264,3211264
32768,28,butterfly-check,detect-only,5,144660251 ns,140716456,1474560,0,0,0,0,1474560,1474560,3014656,3211264,3211264
32768,28,butterfly-check,detect-only,6,144549458 ns,140727711,1474560,0,0,0,0,1474560,1474560,3014656,3211264,3211264
32768,28,butterfly-check,detect-only,7,144262459 ns,140494672,1474560,0,0,0,0,1474560,1474560,3014656,3211264,3211264
32768,28,butterfly-check,detect-only,8,144090459 ns,140201376,1474560,0,0,0,0,1474560,1474560,3014656,3211264,3211264
32768,28,butterfly-check,detect-only,9,143877207 ns,140046544,1474560,0,0,0,0,1474560,1474560,3014656,3211264,3211264
32768,28,butterfly-check,detect-only,10,144754251 ns,140862374,1474560,0,0,0,0,1474560,1474560,3014656,3211264,3211264
32768,28,butterfly-check,detect-only,11,144375793 ns,140528452,1474560,0,0,0,0,1474560,1474560,3014656,3211264,3211264
32768,28,butterfly-check,detect-only,12,144316583 ns,140486753,1474560,0,0,0,0,1474560,1474560,3014656,3211264,3211264
32768,28,butterfly-check,detect-only,13,144384416 ns,140562422,1474560,0,0,0,0,1474560,1474560,3014656,3211264,3211264
32768,28,butterfly-check,detect-only,14,144837460 ns,141049583,1474560,0,0,0,0,1474560,1474560,3014656,3211264,3211264
32768,28,butterfly-check,detect-only,15,144435959 ns,140594877,1474560,0,0,0,0,1474560,1474560,3014656,3211264,3211264
32768,28,butterfly-check,detect-only,16,143850792 ns,140083959,1474560,0,0,0,0,1474560,1474560,3014656,3211264,3211264
32768,28,butterfly-check,detect-only,17,144429125 ns,140571838,1474560,0,0,0,0,1474560,1474560,3014656,3211264,3211264
32768,28,butterfly-check,detect-only,18,144395750 ns,140677754,1474560,0,0,0,0,1474560,1474560,3014656,3211264,3211264
32768,28,butterfly-check,detect-only,19,144050165 ns,140329211,1474560,0,0,0,0,1474560,1474560,3014656,3211264,3211264
32768,28,butterfly-check,detect-only,20,144293542 ns,140412623,1474560,0,0,0,0,1474560,1474560,3014656,3211264,3211264
32768,28,butterfly-check,detect-only,21,145610208 ns,141978331,1474560,0,0,0,0,1474560,1474560,3014656,3211264,3211264
32768,28,butterfly-check,detect-only,22,144259501 ns,140580626,1474560,0,0,0,0,1474560,1474560,3014656,3211264,3211264
32768,28,butterfly-check,detect-only,23,144395917 ns,140518214,1474560,0,0,0,0,1474560,1474560,3014656,3211264,3211264
32768,28,butterfly-check,detect-only,24,144403375 ns,140645543,1474560,0,0,0,0,1474560,1474560,3014656,3211264,3211264
32768,28,butterfly-check,detect-only,25,145296250 ns,141550371,1474560,0,0,0,0,1474560,1474560,3014656,3211264,3211264
32768,28,butterfly-check,detect-only,26,144539708 ns,140740119,1474560,0,0,0,0,1474560,1474560,3014656,3211264,3211264
32768,28,butterfly-check,detect-only,27,144433875 ns,140695156,1474560,0,0,0,0,1474560,1474560,3014656,3211264,3211264
32768,28,butterfly-check,detect-only,28,143969874 ns,140189918,1474560,0,0,0,0,1474560,1474560,3014656,3211264,3211264
32768,28,butterfly-check,detect-only,29,144039919 ns,140294870,1474560,0,0,0,0,1474560,1474560,3014656,3211264,3211264
32768,28,butterfly-check,detect-only,30,144021623 ns,140257458,1474560,0,0,0,0,1474560,1474560,3014656,3211264,3211264
32768,28,butterfly-check,recompute,1,144152499 ns,140350207,1474560,0,0,0,0,1474560,1474560,3014656,3211264,3211264
32768,28,butterfly-check,recompute,2,144243418 ns,140477245,1474560,0,0,0,0,1474560,1474560,3014656,3211264,3211264
32768,28,butterfly-check,recompute,3,144100585 ns,140355373,1474560,0,0,0,0,1474560,1474560,3014656,3211264,3211264
32768,28,butterfly-check,recompute,4,144254792 ns,140420618,1474560,0,0,0,0,1474560,1474560,3014656,3211264,3211264
32768,28,butterfly-check,recompute,5,144222791 ns,140401457,1474560,0,0,0,0,1474560,1474560,3014656,3211264,3211264
32768,28,butterfly-check,recompute,6,144490043 ns,140534498,1474560,0,0,0,0,1474560,1474560,3014656,3211264,3211264
32768,28,butterfly-check,recompute,7,144493250 ns,140674880,1474560,0,0,0,0,1474560,1474560,3014656,3211264,3211264
32768,28,butterfly-check,recompute,8,144218377 ns,140388584,1474560,0,0,0,0,1474560,1474560,3014656,3211264,3211264
32768,28,butterfly-check,recompute,9,147120750 ns,143275247,1474560,0,0,0,0,1474560,1474560,3014656,3211264,3211264
32768,28,butterfly-check,recompute,10,149337958 ns,145326171,1474560,0,0,0,0,1474560,1474560,3014656,3211264,3211264
32768,28,butterfly-check,recompute,11,144320959 ns,140487669,1474560,0,0,0,0,1474560,1474560,3014656,3211264,3211264
32768,28,butterfly-check,recompute,12,144125416 ns,140343790,1474560,0,0,0,0,1474560,1474560,3014656,3211264,3211264
32768,28,butterfly-check,recompute,13,144351082 ns,140476290,1474560,0,0,0,0,1474560,1474560,3014656,3211264,3211264
32768,28,butterfly-check,recompute,14,144361292 ns,140586206,1474560,0,0,0,0,1474560,1474560,3014656,3211264,3211264
32768,28,butterfly-check,recompute,15,144502501 ns,140680628,1474560,0,0,0,0,1474560,1474560,3014656,3211264,3211264
32768,28,butterfly-check,recompute,16,144213541 ns,140447292,1474560,0,0,0,0,1474560,1474560,3014656,3211264,3211264
32768,28,butterfly-check,recompute,17,144640209 ns,140900289,1474560,0,0,0,0,1474560,1474560,3014656,3211264,3211264
32768,28,butterfly-check,recompute,18,144310292 ns,140476125,1474560,0,0,0,0,1474560,1474560,3014656,3211264,3211264
32768,28,butterfly-check,recompute,19,144294167 ns,140475292,1474560,0,0,0,0,1474560,1474560,3014656,3211264,3211264
32768,28,butterfly-check,recompute,20,144320750 ns,140457963,1474560,0,0,0,0,1474560,1474560,3014656,3211264,3211264
32768,28,butterfly-check,recompute,21,144390334 ns,140521761,1474560,0,0,0,0,1474560,1474560,3014656,3211264,3211264
32768,28,butterfly-check,recompute,22,146128417 ns,142226419,1474560,0,0,0,0,1474560,1474560,3014656,3211264,3211264
32768,28,butterfly-check,recompute,23,144196958 ns,140289287,1474560,0,0,0,0,1474560,1474560,3014656,3211264,3211264
32768,28,butterfly-check,recompute,24,144057833 ns,140288790,1474560,0,0,0,0,1474560,1474560,3014656,3211264,3211264
32768,28,butterfly-check,recompute,25,150620334 ns,146668620,1474560,0,0,0,0,1474560,1474560,3014656,3211264,3211264
32768,28,butterfly-check,recompute,26,144509167 ns,140747750,1474560,0,0,0,0,1474560,1474560,3014656,3211264,3211264
32768,28,butterfly-check,recompute,27,144291627 ns,140307301,1474560,0,0,0,0,1474560,1474560,3014656,3211264,3211264
32768,28,butterfly-check,recompute,28,144207500 ns,140570584,1474560,0,0,0,0,1474560,1474560,3014656,3211264,3211264
32768,28,butterfly-check,recompute,29,144204085 ns,140452074,1474560,0,0,0,0,1474560,1474560,3014656,3211264,3211264
32768,28,butterfly-check,recompute,30,144088998 ns,140272296,1474560,0,0,0,0,1474560,1474560,3014656,3211264,3211264
32768,28,stage-checksum,detect-only,1,153342708 ns,149531000,90,0,90,0,0,1474560,1474560,3014656,3211264,3211264
32768,28,stage-checksum,detect-only,2,157055710 ns,153313327,90,0,90,0,0,1474560,1474560,3014656,3211264,3211264
32768,28,stage-checksum,detect-only,3,155198543 ns,151624792,90,0,90,0,0,1474560,1474560,3014656,3211264,3211264
32768,28,stage-checksum,detect-only,4,153651082 ns,150007502,90,0,90,0,0,1474560,1474560,3014656,3211264,3211264
32768,28,stage-checksum,detect-only,5,153990458 ns,150311419,90,0,90,0,0,1474560,1474560,3014656,3211264,3211264
32768,28,stage-checksum,detect-only,6,153703126 ns,149814378,90,0,90,0,0,1474560,1474560,3014656,3211264,3211264
32768,28,stage-checksum,detect-only,7,153933959 ns,150186336,90,0,90,0,0,1474560,1474560,3014656,3211264,3211264
32768,28,stage-checksum,detect-only,8,153780917 ns,150071330,90,0,90,0,0,1474560,1474560,3014656,3211264,3211264
32768,28,stage-checksum,detect-only,9,157270209 ns,153665706,90,0,90,0,0,1474560,1474560,3014656,3211264,3211264
32768,28,stage-checksum,detect-only,10,155849751 ns,152184463,90,0,90,0,0,1474560,1474560,3014656,3211264,3211264
32768,28,stage-checksum,detect-only,11,153790501 ns,150247958,90,0,90,0,0,1474560,1474560,3014656,3211264,3211264
32768,28,stage-checksum,detect-only,12,153953041 ns,150245214,90,0,90,0,0,1474560,1474560,3014656,3211264,3211264
32768,28,stage-checksum,detect-only,13,154020417 ns,150342538,90,0,90,0,0,1474560,1474560,3014656,3211264,3211264
32768,28,stage-checksum,detect-only,14,154470960 ns,150758545,90,0,90,0,0,1474560,1474560,3014656,3211264,3211264
32768,28,stage-checksum,detect-only,15,154441958 ns,150658459,90,0,90,0,0,1474560,1474560,3014656,3211264,3211264
32768,28,stage-checksum,detect-only,16,154162211 ns,150485962,90,0,90,0,0,1474560,1474560,3014656,3211264,3211264
32768,28,stage-checksum,detect-only,17,154244668 ns,150512008,90,0,90,0,0,1474560,1474560,3014656,3211264,3211264
32768,28,stage-checksum,detect-only,18,154188957 ns,150477714,90,0,90,0,0,1474560,1474560,3014656,3211264,3211264
32768,28,stage-checksum,detect-only,19,154035793 ns,150320663,90,0,90,0,0,1474560,1474560,3014656,3211264,3211264
32768,28,stage-checksum,detect-only,20,154341834 ns,150662707,90,0,90,0,0,1474560,1474560,3014656,3211264,3211264
32768,28,stage-checksum,detect-only,21,154631250 ns,150930545,90,0,90,0,0,1474560,1474560,3014656,3211264,3211264
32768,28,stage-checksum,detect-only,22,153660668 ns,149951171,90,0,90,0,0,1474560,1474560,3014656,3211264,3211264
32768,28,stage-checksum,detect-only,23,154148750 ns,150402839,90,0,90,0,0,1474560,1474560,3014656,3211264,3211264
32768,28,stage-checksum,detect-only,24,154319501 ns,150637290,90,0,90,0,0,1474560,1474560,3014656,3211264,3211264
32768,28,stage-checksum,detect-only,25,153951209 ns,150276712,90,0,90,0,0,1474560,1474560,3014656,3211264,3211264
32768,28,stage-checksum,detect-only,26,153811043 ns,150099453,90,0,90,0,0,1474560,1474560,3014656,3211264,3211264
32768,28,stage-checksum,detect-only,27,153982959 ns,150313380,90,0,90,0,0,1474560,1474560,3014656,3211264,3211264
32768,28,stage-checksum,detect-only,28,154010543 ns,150341746,90,0,90,0,0,1474560,1474560,3014656,3211264,3211264
32768,28,stage-checksum,detect-only,29,154297125 ns,150604876,90,0,90,0,0,1474560,1474560,3014656,3211264,3211264
32768,28,stage-checksum,detect-only,30,154584000 ns,150870996,90,0,90,0,0,1474560,1474560,3014656,3211264,3211264
32768,28,stage-checksum,recompute,1,158997583 ns,155259331,90,0,90,0,0,1474560,1474560,3014656,3211264,3211264
32768,28,stage-checksum,recompute,2,155270417 ns,151468576,90,0,90,0,0,1474560,1474560,3014656,3211264,3211264
32768,28,stage-checksum,recompute,3,154630584 ns,150726041,90,0,90,0,0,1474560,1474560,3014656,3211264,3211264
32768,28,stage-checksum,recompute,4,153883124 ns,150164413,90,0,90,0,0,1474560,1474560,3014656,3211264,3211264
32768,28,stage-checksum,recompute,5,159577542 ns,155828129,90,0,90,0,0,1474560,1474560,3014656,3211264,3211264
32768,28,stage-checksum,recompute,6,158483333 ns,154556039,90,0,90,0,0,1474560,1474560,3014656,3211264,3211264
32768,28,stage-checksum,recompute,7,153620875 ns,149798712,90,0,90,0,0,1474560,1474560,3014656,3211264,3211264
32768,28,stage-checksum,recompute,8,156526417 ns,152678580,90,0,90,0,0,1474560,1474560,3014656,3211264,3211264
32768,28,stage-checksum,recompute,9,155738543 ns,152086663,90,0,90,0,0,1474560,1474560,3014656,3211264,3211264
32768,28,stage-checksum,recompute,10,153930042 ns,150151911,90,0,90,0,0,1474560,1474560,3014656,3211264,3211264
32768,28,stage-checksum,recompute,11,153895167 ns,150145704,90,0,90,0,0,1474560,1474560,3014656,3211264,3211264
32768,28,stage-checksum,recompute,12,153753292 ns,150016085,90,0,90,0,0,1474560,1474560,3014656,3211264,3211264
32768,28,stage-checksum,recompute,13,156098084 ns,152333500,90,0,90,0,0,1474560,1474560,3014656,3211264,3211264
32768,28,stage-checksum,recompute,14,153888833 ns,150061787,90,0,90,0,0,1474560,1474560,3014656,3211264,3211264
32768,28,stage-checksum,recompute,15,158919248 ns,155127255,90,0,90,0,0,1474560,1474560,3014656,3211264,3211264
32768,28,stage-checksum,recompute,16,155235542 ns,151474921,90,0,90,0,0,1474560,1474560,3014656,3211264,3211264
32768,28,stage-checksum,recompute,17,183637875 ns,179317539,90,0,90,0,0,1474560,1474560,3014656,3211264,3211264
32768,28,stage-checksum,recompute,18,153550876 ns,150011791,90,0,90,0,0,1474560,1474560,3014656,3211264,3211264
32768,28,stage-checksum,recompute,19,153745542 ns,150022002,90,0,90,0,0,1474560,1474560,3014656,3211264,3211264
32768,28,stage-checksum,recompute,20,153472542 ns,149778880,90,0,90,0,0,1474560,1474560,3014656,3211264,3211264
32768,28,stage-checksum,recompute,21,154046083 ns,150305835,90,0,90,0,0,1474560,1474560,3014656,3211264,3211264
32768,28,stage-checksum,recompute,22,162083000 ns,158272915,90,0,90,0,0,1474560,1474560,3014656,3211264,3211264
32768,28,stage-checksum,recompute,23,155708918 ns,152070915,90,0,90,0,0,1474560,1474560,3014656,3211264,3211264
32768,28,stage-checksum,recompute,24,155546250 ns,151959999,90,0,90,0,0,1474560,1474560,3014656,3211264,3211264
32768,28,stage-checksum,recompute,25,154972208 ns,151299455,90,0,90,0,0,1474560,1474560,3014656,3211264,3211264
32768,28,stage-checksum,recompute,26,153702501 ns,149951667,90,0,90,0,0,1474560,1474560,3014656,3211264,3211264
32768,28,stage-checksum,recompute,27,156835417 ns,153169750,90,0,90,0,0,1474560,1474560,3014656,3211264,3211264
32768,28,stage-checksum,recompute,28,154068916 ns,150303380,90,0,90,0,0,1474560,1474560,3014656,3211264,3211264
32768,28,stage-checksum,recompute,29,153540916 ns,149786129,90,0,90,0,0,1474560,1474560,3014656,3211264,3211264
32768,28,stage-checksum,recompute,30,153874543 ns,150021164,90,0,90,0,0,1474560,1474560,3014656,3211264,3211264
32768,54,none,detect-only,1,147721041 ns,0,0,0,0,0,0,1474560,1474560,3014656,3211264,3211264
32768,54,none,detect-only,2,146655418 ns,0,0,0,0,0,0,1474560,1474560,3014656,3211264,3211264
32768,54,none,detect-only,3,145134000 ns,0,0,0,0,0,0,1474560,1474560,3014656,3211264,3211264
32768,54,none,detect-only,4,145668581 ns,0,0,0,0,0,0,1474560,1474560,3014656,3211264,3211264
32768,54,none,detect-only,5,152749874 ns,0,0,0,0,0,0,1474560,1474560,3014656,3211264,3211264
32768,54,none,detect-only,6,145105748 ns,0,0,0,0,0,0,1474560,1474560,3014656,3211264,3211264
32768,54,none,detect-only,7,145633374 ns,0,0,0,0,0,0,1474560,1474560,3014656,3211264,3211264
32768,54,none,detect-only,8,145060291 ns,0,0,0,0,0,0,1474560,1474560,3014656,3211264,3211264
32768,54,none,detect-only,9,145268666 ns,0,0,0,0,0,0,1474560,1474560,3014656,3211264,3211264
32768,54,none,detect-only,10,144839250 ns,0,0,0,0,0,0,1474560,1474560,3014656,3211264,3211264
32768,54,none,detect-only,11,145157625 ns,0,0,0,0,0,0,1474560,1474560,3014656,3211264,3211264
32768,54,none,detect-only,12,145407499 ns,0,0,0,0,0,0,1474560,1474560,3014656,3211264,3211264
32768,54,none,detect-only,13,145455292 ns,0,0,0,0,0,0,1474560,1474560,3014656,3211264,3211264
32768,54,none,detect-only,14,144942166 ns,0,0,0,0,0,0,1474560,1474560,3014656,3211264,3211264
32768,54,none,detect-only,15,145250499 ns,0,0,0,0,0,0,1474560,1474560,3014656,3211264,3211264
32768,54,none,detect-only,16,145681918 ns,0,0,0,0,0,0,1474560,1474560,3014656,3211264,3211264
32768,54,none,detect-only,17,145667585 ns,0,0,0,0,0,0,1474560,1474560,3014656,3211264,3211264
32768,54,none,detect-only,18,145252374 ns,0,0,0,0,0,0,1474560,1474560,3014656,3211264,3211264
32768,54,none,detect-only,19,145750335 ns,0,0,0,0,0,0,1474560,1474560,3014656,3211264,3211264
32768,54,none,detect-only,20,146477541 ns,0,0,0,0,0,0,1474560,1474560,3014656,3211264,3211264
32768,54,none,detect-only,21,145989749 ns,0,0,0,0,0,0,1474560,1474560,3014656,3211264,3211264
32768,54,none,detect-only,22,146032040 ns,0,0,0,0,0,0,1474560,1474560,3014656,3211264,3211264
32768,54,none,detect-only,23,146025083 ns,0,0,0,0,0,0,1474560,1474560,3014656,3211264,3211264
32768,54,none,detect-only,24,145418125 ns,0,0,0,0,0,0,1474560,1474560,3014656,3211264,3211264
32768,54,none,detect-only,25,145684416 ns,0,0,0,0,0,0,1474560,1474560,3014656,3211264,3211264
32768,54,none,detect-only,26,147193167 ns,0,0,0,0,0,0,1474560,1474560,3014656,3211264,3211264
32768,54,none,detect-only,27,147135166 ns,0,0,0,0,0,0,1474560,1474560,3014656,3211264,3211264
32768,54,none,detect-only,28,148012998 ns,0,0,0,0,0,0,1474560,1474560,3014656,3211264,3211264
32768,54,none,detect-only,29,145582001 ns,0,0,0,0,0,0,1474560,1474560,3014656,3211264,3211264
32768,54,none,detect-only,30,145926125 ns,0,0,0,0,0,0,1474560,1474560,3014656,3211264,3211264
32768,54,butterfly-check,detect-only,1,164100043 ns,160028292,1474560,0,0,0,0,1474560,1474560,3014656,3211264,3211264
32768,54,butterfly-check,detect-only,2,164768917 ns,160623460,1474560,0,0,0,0,1474560,1474560,3014656,3211264,3211264
32768,54,butterfly-check,detect-only,3,165346666 ns,161217496,1474560,0,0,0,0,1474560,1474560,3014656,3211264,3211264
32768,54,butterfly-check,detect-only,4,164363834 ns,160246874,1474560,0,0,0,0,1474560,1474560,3014656,3211264,3211264
32768,54,butterfly-check,detect-only,5,166577000 ns,162500207,1474560,0,0,0,0,1474560,1474560,3014656,3211264,3211264
32768,54,butterfly-check,detect-only,6,159975959 ns,155957375,1474560,0,0,0,0,1474560,1474560,3014656,3211264,3211264
32768,54,butterfly-check,detect-only,7,164434417 ns,160335672,1474560,0,0,0,0,1474560,1474560,3014656,3211264,3211264
32768,54,butterfly-check,detect-only,8,164802166 ns,160650708,1474560,0,0,0,0,1474560,1474560,3014656,3211264,3211264
32768,54,butterfly-check,detect-only,9,164816960 ns,160619668,1474560,0,0,0,0,1474560,1474560,3014656,3211264,3211264
32768,54,butterfly-check,detect-only,10,164811750 ns,160729713,1474560,0,0,0,0,1474560,1474560,3014656,3211264,3211264
32768,54,butterfly-check,detect-only,11,165134626 ns,160972669,1474560,0,0,0,0,1474560,1474560,3014656,3211264,3211264
32768,54,butterfly-check,detect-only,12,164461499 ns,160367126,1474560,0,0,0,0,1474560,1474560,3014656,3211264,3211264
32768,54,butterfly-check,detect-only,13,167267835 ns,163126248,1474560,0,0,0,0,1474560,1474560,3014656,3211264,3211264
32768,54,butterfly-check,detect-only,14,164059625 ns,159901953,1474560,0,0,0,0,1474560,1474560,3014656,3211264,3211264
32768,54,butterfly-check,detect-only,15,168189500 ns,164137370,1474560,0,0,0,0,1474560,1474560,3014656,3211264,3211264
32768,54,butterfly-check,detect-only,16,164351957 ns,160215751,1474560,0,0,0,0,1474560,1474560,3014656,3211264,3211264
32768,54,butterfly-check,detect-only,17,167741791 ns,163820949,1474560,0,0,0,0,1474560,1474560,3014656,3211264,3211264
32768,54,butterfly-check,detect-only,18,165646084 ns,161770125,1474560,0,0,0,0,1474560,1474560,3014656,3211264,3211264
32768,54,butterfly-check,detect-only,19,164849584 ns,160923623,1474560,0,0,0,0,1474560,1474560,3014656,3211264,3211264
32768,54,butterfly-check,detect-only,20,166120209 ns,161930379,1474560,0,0,0,0,1474560,1474560,3014656,3211264,3211264
32768,54,butterfly-check,detect-only,21,164458376 ns,160426579,1474560,0,0,0,0,1474560,1474560,3014656,3211264,3211264
32768,54,butterfly-check,detect-only,22,166147583 ns,162096836,1474560,0,0,0,0,1474560,1474560,3014656,3211264,3211264
32768,54,butterfly-check,detect-only,23,164613792 ns,160734836,1474560,0,0,0,0,1474560,1474560,3014656,3211264,3211264
32768,54,butterfly-check,detect-only,24,167383458 ns,163231086,1474560,0,0,0,0,1474560,1474560,3014656,3211264,3211264
32768,54,butterfly-check,detect-only,25,166652000 ns,162607413,1474560,0,0,0,0,1474560,1474560,3014656,3211264,3211264
32768,54,butterfly-check,detect-only,26,165196832 ns,161057252,1474560,0,0,0,0,1474560,1474560,3014656,3211264,3211264
32768,54,butterfly-check,detect-only,27,164789958 ns,160651252,1474560,0,0,0,0,1474560,1474560,3014656,3211264,3211264
32768,54,butterfly-check,detect-only,28,164322667 ns,160228960,1474560,0,0,0,0,1474560,1474560,3014656,3211264,3211264
32768,54,butterfly-check,detect-only,29,168024376 ns,164081584,1474560,0,0,0,0,1474560,1474560,3014656,3211264,3211264
32768,54,butterfly-check,detect-only,30,165108875 ns,161201499,1474560,0,0,0,0,1474560,1474560,3014656,3211264,3211264
32768,54,butterfly-check,recompute,1,165006666 ns,160944286,1474560,0,0,0,0,1474560,1474560,3014656,3211264,3211264
32768,54,butterfly-check,recompute,2,165047043 ns,161001331,1474560,0,0,0,0,1474560,1474560,3014656,3211264,3211264
32768,54,butterfly-check,recompute,3,164350416 ns,160371242,1474560,0,0,0,0,1474560,1474560,3014656,3211264,3211264
32768,54,butterfly-check,recompute,4,164913333 ns,160824840,1474560,0,0,0,0,1474560,1474560,3014656,3211264,3211264
32768,54,butterfly-check,recompute,5,164959583 ns,160977796,1474560,0,0,0,0,1474560,1474560,3014656,3211264,3211264
32768,54,butterfly-check,recompute,6,165196918 ns,160999586,1474560,0,0,0,0,1474560,1474560,3014656,3211264,3211264
32768,54,butterfly-check,recompute,7,164750166 ns,160582040,1474560,0,0,0,0,1474560,1474560,3014656,3211264,3211264
32768,54,butterfly-check,recompute,8,166686792 ns,162554164,1474560,0,0,0,0,1474560,1474560,3014656,3211264,3211264
32768,54,butterfly-check,recompute,9,164644750 ns,160606791,1474560,0,0,0,0,1474560,1474560,3014656,3211264,3211264
32768,54,butterfly-check,recompute,10,164705459 ns,160630543,1474560,0,0,0,0,1474560,1474560,3014656,3211264,3211264
32768,54,butterfly-check,recompute,11,164900334 ns,160773288,1474560,0,0,0,0,1474560,1474560,3014656,3211264,3211264
32768,54,butterfly-check,recompute,12,167985956 ns,163980082,1474560,0,0,0,0,1474560,1474560,3014656,3211264,3211264
32768,54,butterfly-check,recompute,13,167866500 ns,163724461,1474560,0,0,0,0,1474560,1474560,3014656,3211264,3211264
32768,54,butterfly-check,recompute,14,163955125 ns,159845998,1474560,0,0,0,0,1474560,1474560,3014656,3211264,3211264
32768,54,butterfly-check,recompute,15,164145834 ns,160022957,1474560,0,0,0,0,1474560,1474560,3014656,3211264,3211264
32768,54,butterfly-check,recompute,16,164345042 ns,160249169,1474560,0,0,0,0,1474560,1474560,3014656,3211264,3211264
32768,54,butterfly-check,recompute,17,164200376 ns,160126161,1474560,0,0,0,0,1474560,1474560,3014656,3211264,3211264
32768,54,butterfly-check,recompute,18,164458708 ns,160368499,1474560,0,0,0,0,1474560,1474560,3014656,3211264,3211264
32768,54,butterfly-check,recompute,19,164659999 ns,160525751,1474560,0,0,0,0,1474560,1474560,3014656,3211264,3211264
32768,54,butterfly-check,recompute,20,165413874 ns,161368836,1474560,0,0,0,0,1474560,1474560,3014656,3211264,3211264
32768,54,butterfly-check,recompute,21,164590708 ns,160568749,1474560,0,0,0,0,1474560,1474560,3014656,3211264,3211264
32768,54,butterfly-check,recompute,22,182038042 ns,174675167,1474560,0,0,0,0,1474560,1474560,3014656,3211264,3211264
32768,54,butterfly-check,recompute,23,165957584 ns,162017953,1474560,0,0,0,0,1474560,1474560,3014656,3211264,3211264
32768,54,butterfly-check,recompute,24,164830500 ns,160662417,1474560,0,0,0,0,1474560,1474560,3014656,3211264,3211264
32768,54,butterfly-check,recompute,25,164398209 ns,160568121,1474560,0,0,0,0,1474560,1474560,3014656,3211264,3211264
32768,54,butterfly-check,recompute,26,166054791 ns,162005457,1474560,0,0,0,0,1474560,1474560,3014656,3211264,3211264
32768,54,butterfly-check,recompute,27,164308500 ns,160196879,1474560,0,0,0,0,1474560,1474560,3014656,3211264,3211264
32768,54,butterfly-check,recompute,28,164928834 ns,160845414,1474560,0,0,0,0,1474560,1474560,3014656,3211264,3211264
32768,54,butterfly-check,recompute,29,164651375 ns,160761832,1474560,0,0,0,0,1474560,1474560,3014656,3211264,3211264
32768,54,butterfly-check,recompute,30,166427376 ns,162265581,1474560,0,0,0,0,1474560,1474560,3014656,3211264,3211264
32768,54,stage-checksum,detect-only,1,173532791 ns,169381505,90,0,90,0,0,1474560,1474560,3014656,3211264,3211264
32768,54,stage-checksum,detect-only,2,173193543 ns,169048042,90,0,90,0,0,1474560,1474560,3014656,3211264,3211264
32768,54,stage-checksum,detect-only,3,173061000 ns,169056799,90,0,90,0,0,1474560,1474560,3014656,3211264,3211264
32768,54,stage-checksum,detect-only,4,173110667 ns,169053543,90,0,90,0,0,1474560,1474560,3014656,3211264,3211264
32768,54,stage-checksum,detect-only,5,173176125 ns,169040419,90,0,90,0,0,1474560,1474560,3014656,3211264,3211264
32768,54,stage-checksum,detect-only,6,173064542 ns,168990460,90,0,90,0,0,1474560,1474560,3014656,3211264,3211264
32768,54,stage-checksum,detect-only,7,172879292 ns,168804624,90,0,90,0,0,1474560,1474560,3014656,3211264,3211264
32768,54,stage-checksum,detect-only,8,172859082 ns,168808791,90,0,90,0,0,1474560,1474560,3014656,3211264,3211264
32768,54,stage-checksum,detect-only,9,173144001 ns,169130124,90,0,90,0,0,1474560,1474560,3014656,3211264,3211264
32768,54,stage-checksum,detect-only,10,173214167 ns,169135416,90,0,90,0,0,1474560,1474560,3014656,3211264,3211264
32768,54,stage-checksum,detect-only,11,172929627 ns,168810617,90,0,90,0,0,1474560,1474560,3014656,3211264,3211264
32768,54,stage-checksum,detect-only,12,172974084 ns,168883292,90,0,90,0,0,1474560,1474560,3014656,3211264,3211264
32768,54,stage-checksum,detect-only,13,173312292 ns,169190252,90,0,90,0,0,1474560,1474560,3014656,3211264,3211264
32768,54,stage-checksum,detect-only,14,173126166 ns,169049751,90,0,90,0,0,1474560,1474560,3014656,3211264,3211264
32768,54,stage-checksum,detect-only,15,173181582 ns,169104336,90,0,90,0,0,1474560,1474560,3014656,3211264,3211264
32768,54,stage-checksum,detect-only,16,173077916 ns,168991627,90,0,90,0,0,1474560,1474560,3014656,3211264,3211264
32768,54,stage-checksum,detect-only,17,173013001 ns,168998253,90,0,90,0,0,1474560,1474560,3014656,3211264,3211264
32768,54,stage-checksum,detect-only,18,173113627 ns,168978122,90,0,90,0,0,1474560,1474560,3014656,3211264,3211264
32768,54,stage-checksum,detect-only,19,173206833 ns,169105841,90,0,90,0,0,1474560,1474560,3014656,3211264,3211264
32768,54,stage-checksum,detect-only,20,173046042 ns,168984208,90,0,90,0,0,1474560,1474560,3014656,3211264,3211264
32768,54,stage-checksum,detect-only,21,172984793 ns,168899503,90,0,90,0,0,1474560,1474560,3014656,3211264,3211264
32768,54,stage-checksum,detect-only,22,174568791 ns,170522967,90,0,90,0,0,1474560,1474560,3014656,3211264,3211264
32768,54,stage-checksum,detect-only,23,172782834 ns,168751461,90,0,90,0,0,1474560,1474560,3014656,3211264,3211264
32768,54,stage-checksum,detect-only,24,172765375 ns,168702705,90,0,90,0,0,1474560,1474560,3014656,3211264,3211264
32768,54,stage-checksum,detect-only,25,173009460 ns,168872464,90,0,90,0,0,1474560,1474560,3014656,3211264,3211264
32768,54,stage-checksum,detect-only,26,173111082 ns,169002327,90,0,90,0,0,1474560,1474560,3014656,3211264,3211264
32768,54,stage-checksum,detect-only,27,173155416 ns,169098748,90,0,90,0,0,1474560,1474560,3014656,3211264,3211264
32768,54,stage-checksum,detect-only,28,173287709 ns,169210505,90,0,90,0,0,1474560,1474560,3014656,3211264,3211264
32768,54,stage-checksum,detect-only,29,174113583 ns,170026833,90,0,90,0,0,1474560,1474560,3014656,3211264,3211264
32768,54,stage-checksum,detect-only,30,174413001 ns,170290795,90,0,90,0,0,1474560,1474560,3014656,3211264,3211264
32768,54,stage-checksum,recompute,1,178012792 ns,173885411,90,0,90,0,0,1474560,1474560,3014656,3211264,3211264
32768,54,stage-checksum,recompute,2,214207499 ns,210046207,90,0,90,0,0,1474560,1474560,3014656,3211264,3211264
32768,54,stage-checksum,recompute,3,173802501 ns,169703576,90,0,90,0,0,1474560,1474560,3014656,3211264,3211264
32768,54,stage-checksum,recompute,4,173270501 ns,169319828,90,0,90,0,0,1474560,1474560,3014656,3211264,3211264
32768,54,stage-checksum,recompute,5,173346083 ns,169461957,90,0,90,0,0,1474560,1474560,3014656,3211264,3211264
32768,54,stage-checksum,recompute,6,172989250 ns,168832962,90,0,90,0,0,1474560,1474560,3014656,3211264,3211264
32768,54,stage-checksum,recompute,7,172972167 ns,168847408,90,0,90,0,0,1474560,1474560,3014656,3211264,3211264
32768,54,stage-checksum,recompute,8,173042501 ns,169126912,90,0,90,0,0,1474560,1474560,3014656,3211264,3211264
32768,54,stage-checksum,recompute,9,173381042 ns,169411957,90,0,90,0,0,1474560,1474560,3014656,3211264,3211264
32768,54,stage-checksum,recompute,10,173090250 ns,169138415,90,0,90,0,0,1474560,1474560,3014656,3211264,3211264
32768,54,stage-checksum,recompute,11,172919082 ns,168989466,90,0,90,0,0,1474560,1474560,3014656,3211264,3211264
32768,54,stage-checksum,recompute,12,176243000 ns,172248707,90,0,90,0,0,1474560,1474560,3014656,3211264,3211264
32768,54,stage-checksum,recompute,13,172984999 ns,168895710,90,0,90,0,0,1474560,1474560,3014656,3211264,3211264
32768,54,stage-checksum,recompute,14,215483834 ns,209252780,90,0,90,0,0,1474560,1474560,3014656,3211264,3211264
32768,54,stage-checksum,recompute,15,173873251 ns,169962377,90,0,90,0,0,1474560,1474560,3014656,3211264,3211264
32768,54,stage-checksum,recompute,16,172800834 ns,168749250,90,0,90,0,0,1474560,1474560,3014656,3211264,3211264
32768,54,stage-checksum,recompute,17,172943874 ns,168928873,90,0,90,0,0,1474560,1474560,3014656,3211264,3211264
32768,54,stage-checksum,recompute,18,174043541 ns,170046206,90,0,90,0,0,1474560,1474560,3014656,3211264,3211264
32768,54,stage-checksum,recompute,19,182754332 ns,178549292,90,0,90,0,0,1474560,1474560,3014656,3211264,3211264
32768,54,stage-checksum,recompute,20,185962083 ns,181504583,90,0,90,0,0,1474560,1474560,3014656,3211264,3211264
32768,54,stage-checksum,recompute,21,173008793 ns,168920211,90,0,90,0,0,1474560,1474560,3014656,3211264,3211264
32768,54,stage-checksum,recompute,22,173143791 ns,169220132,90,0,90,0,0,1474560,1474560,3014656,3211264,3211264
32768,54,stage-checksum,recompute,23,173042249 ns,168968502,90,0,90,0,0,1474560,1474560,3014656,3211264,3211264
32768,54,stage-checksum,recompute,24,174105917 ns,170087666,90,0,90,0,0,1474560,1474560,3014656,3211264,3211264
32768,54,stage-checksum,recompute,25,172521708 ns,168667590,90,0,90,0,0,1474560,1474560,3014656,3211264,3211264
32768,54,stage-checksum,recompute,26,173277541 ns,169292921,90,0,90,0,0,1474560,1474560,3014656,3211264,3211264
32768,54,stage-checksum,recompute,27,173265750 ns,169371882,90,0,90,0,0,1474560,1474560,3014656,3211264,3211264
32768,54,stage-checksum,recompute,28,173107125 ns,169103045,90,0,90,0,0,1474560,1474560,3014656,3211264,3211264
32768,54,stage-checksum,recompute,29,173042624 ns,168941248,90,0,90,0,0,1474560,1474560,3014656,3211264,3211264
32768,54,stage-checksum,recompute,30,173064165 ns,168963870,90,0,90,0,0,1474560,1474560,3014656,3211264,3211264
